2020-03-31 21:48:50.944902	13	19	21	5.03	30.52	997.61	10.1	28.7	2020-03-31 21:49:36.026350	10.21	16.65	22.72	-0.94	62.36	1025.93
2020-03-31 21:48:50.944902	13	19	21	5.03	30.52	997.61	10.1	28.7	2020-03-31 21:49:36.026350	10.21	16.65	22.72	-0.94	62.36	1025.93
2020-03-31 22:02:08.025206	12	20	22	4.87	31.32	997.62	9.9	29.4	2020-03-31 21:49:36.026350	10.21	16.65	22.72	-0.94	62.36	1025.93
2020-03-31 22:03:35.703807	14	21	25	4.92	30.76	997.58	9.8	30.7	2020-03-31 21:49:36.026350	10.21	16.65	22.72	-0.94	62.36	1025.93
2020-03-31 22:13:48.189031	15	24	29	4.64	31.83	997.61	9.8	31.0	2020-03-31 21:49:36.026350	10.21	16.65	22.72	-0.94	62.36	1025.93
2020-03-31 22:23:52.465520	17	24	25	4.54	31.75	997.65	9.7	31.0	2020-03-31 22:23:43.536234	13.12	22.09	31.61	-1.14	65.9	1025.71
2020-03-31 22:33:53.453062	22	28	29	4.49	31.88	997.72	9.5	31.2	2020-03-31 22:23:43.536234	13.12	22.09	31.61	-1.14	65.9	1025.71
2020-03-31 22:43:55.026624	19	31	36	4.19	32.41	997.72	9.4	31.5	2020-03-31 22:43:43.981738	15.84	26.8	39.99	-1.29	67.87	1025.62
2020-03-31 22:53:58.751997	22	33	33	4.19	33.35	997.65	9.3	31.8	2020-03-31 22:43:43.981738	15.84	26.8	39.99	-1.29	67.87	1025.62
2020-03-31 23:04:00.237472	21	29	33	4.08	33.59	997.62	9.3	32.1	2020-03-31 23:03:44.513452	17.86	30.29	46.53	-1.42	69.53	1025.57
2020-03-31 23:14:01.701061	20	34	37	4.07	33.5	997.69	9.3	32.4	2020-03-31 23:03:44.513452	17.86	30.29	46.53	-1.42	69.53	1025.57
2020-03-31 23:24:05.833208	22	31	35	3.9	34.29	997.57	9.1	32.7	2020-03-31 23:23:45.062808	19.3	32.62	50.62	-1.74	70.87	1025.59
2020-03-31 23:34:07.782564	21	32	32	3.9	33.26	997.5	8.9	33.0	2020-03-31 23:23:45.062808	19.3	32.62	50.62	-1.74	70.87	1025.59
2020-03-31 23:44:09.237327	22	34	39	3.96	32.86	997.5	8.5	33.5	2020-03-31 23:43:45.636603	19.29	32.58	50.51	-2.04	72.36	1025.57
2020-03-31 23:54:10.221590	22	32	36	3.72	33.07	997.49	8.2	34.1	2020-03-31 23:43:45.636603	19.29	32.58	50.51	-2.04	72.36	1025.57
2020-04-01 00:04:11.932146	22	32	39	3.42	34.78	997.6	8.0	34.7	2020-04-01 00:03:46.780894	18.89	32.17	49.82	-2.3	73.78	1025.5
2020-04-01 00:14:16.833812	24	37	42	3.19	35.35	997.57	8.1	35.2	2020-04-01 00:03:46.780894	18.89	32.17	49.82	-2.3	73.78	1025.5
2020-04-01 00:24:18.040119	22	33	38	3.16	35.62	997.56	8.0	35.3	2020-04-01 00:23:47.318803	18.5	31.58	48.85	-2.47	75.03	1025.48
2020-04-01 00:34:19.016140	21	30	33	3.13	35.22	997.41	7.9	35.4	2020-04-01 00:23:47.318803	18.5	31.58	48.85	-2.47	75.03	1025.48
2020-04-01 00:44:20.815865	20	32	33	3.07	36.1	997.3	7.8	35.9	2020-04-01 00:43:48.584024	18.62	31.9	49.5	-2.61	76.3	1025.44
2020-04-01 00:54:22.749207	22	36	44	2.9	37.22	997.23	7.7	36.3	2020-04-01 00:43:48.584024	18.62	31.9	49.5	-2.61	76.3	1025.44
2020-04-01 01:04:24.018717	21	31	36	2.99	36.63	997.16	7.4	36.7	2020-04-01 01:03:50.108751	18.82	32.25	50.35	-2.76	77.23	1025.39
2020-04-01 01:14:27.260212	18	29	34	3.01	36.38	997.11	7.0	38.4	2020-04-01 01:03:50.108751	18.82	32.25	50.35	-2.76	77.23	1025.39
2020-04-01 01:24:28.202547	17	28	30	2.68	37.85	997.03	6.9	38.9	2020-04-01 01:23:50.711123	17.75	30.59	47.62	-2.89	77.81	1025.21
2020-04-01 01:34:29.959737	15	25	27	2.44	39.02	997.01	7.0	39.3	2020-04-01 01:23:50.711123	17.75	30.59	47.62	-2.89	77.81	1025.21
2020-04-01 01:44:31.884557	15	25	26	2.59	38.1	996.95	6.8	39.5	2020-04-01 01:43:52.590888	16.69	29.02	44.69	-3.01	78.39	1025.03
2020-04-01 01:54:33.227504	21	32	33	2.66	38.27	996.81	6.6	40.0	2020-04-01 01:43:52.590888	16.69	29.02	44.69	-3.01	78.39	1025.03
2020-04-01 02:04:34.273204	21	33	38	2.42	39.22	996.65	6.3	40.7	2020-04-01 02:03:53.168756	16.51	28.7	44.18	-3.11	79.15	1024.86
2020-04-01 02:14:38.299974	18	29	33	2.24	39.75	996.68	6.0	42.3	2020-04-01 02:03:53.168756	16.51	28.7	44.18	-3.11	79.15	1024.86
2020-04-01 02:24:40.322457	18	26	27	2.05	40.41	996.62	6.1	42.8	2020-04-01 02:23:53.716494	16.9	29.11	44.76	-3.22	80.04	1024.71
2020-04-01 02:34:44.589788	18	28	31	1.89	40.83	996.68	6.2	43.0	2020-04-01 02:23:53.716494	16.9	29.11	44.76	-3.22	80.04	1024.71
2020-04-01 02:44:46.603303	17	29	33	1.91	40.45	996.56	6.0	43.0	2020-04-01 02:43:54.422621	17.47	29.84	46.44	-3.33	80.87	1024.56
2020-04-01 02:54:48.307940	22	34	35	2.01	40.54	996.3	5.7	43.2	2020-04-01 02:43:54.422621	17.47	29.84	46.44	-3.33	80.87	1024.56
2020-04-01 03:04:49.753347	23	38	46	1.89	40.72	996.39	5.4	43.7	2020-04-01 03:03:55.398155	17.67	30.17	46.78	-3.38	81.25	1024.42
2020-04-01 03:14:51.168365	23	39	46	1.59	41.49	996.2	5.4	44.3	2020-04-01 03:03:55.398155	17.67	30.17	46.78	-3.38	81.25	1024.42
2020-04-01 03:24:51.941999	20	37	40	1.51	41.51	996.2	5.4	44.6	2020-04-01 03:23:56.312532	18.57	31.78	49.75	-3.48	81.0	1024.3
2020-04-01 03:34:52.605390	23	37	41	1.38	41.9	996.17	5.4	44.7	2020-04-01 03:23:56.312532	18.57	31.78	49.75	-3.48	81.0	1024.3
2020-04-01 03:44:53.907229	26	40	49	1.37	41.94	996.14	5.1	44.8	2020-04-01 03:43:57.919774	19.84	33.76	52.97	-3.65	80.75	1024.21
2020-04-01 03:54:57.923395	26	44	52	1.09	42.74	996.04	5.2	44.9	2020-04-01 03:43:57.919774	19.84	33.76	52.97	-3.65	80.75	1024.21
2020-04-01 04:04:58.888622	27	43	52	1.26	42.12	995.95	4.9	45.0	2020-04-01 04:03:58.993124	21.14	35.76	56.64	-3.84	80.46	1024.14
2020-04-01 04:15:00.373599	28	45	55	1.17	42.43	995.92	4.9	45.2	2020-04-01 04:03:58.993124	21.14	35.76	56.64	-3.84	80.46	1024.14
2020-04-01 04:25:04.273161	25	41	48	1.13	42.41	995.8	4.6	45.7	2020-04-01 04:24:00.200126	22.32	37.48	59.63	-3.98	80.46	1024.02
2020-04-01 04:35:05.317394	27	42	48	0.69	44.16	995.7	4.6	46.1	2020-04-01 04:24:00.200126	22.32	37.48	59.63	-3.98	80.46	1024.02
2020-04-01 04:45:07.045986	25	37	45	0.73	43.71	995.61	4.5	46.5	2020-04-01 04:44:01.549472	22.83	38.39	61.23	-4.06	80.47	1023.88
2020-04-01 04:55:07.930463	27	43	52	0.72	43.61	995.59	4.5	46.9	2020-04-01 04:44:01.549472	22.83	38.39	61.23	-4.06	80.47	1023.88
2020-04-01 05:05:09.686578	27	42	53	0.65	44.05	995.55	4.5	47.1	2020-04-01 05:04:02.918542	23.14	38.99	62.24	-4.1	80.5	1023.73
2020-04-01 05:15:13.700732	28	48	59	0.49	44.61	995.43	4.5	47.2	2020-04-01 05:04:02.918542	23.14	38.99	62.24	-4.1	80.5	1023.73
2020-04-01 05:25:15.351470	27	42	50	0.47	44.75	995.43	4.4	47.2	2020-04-01 05:24:04.339555	22.95	38.79	61.97	-4.06	80.25	1023.58
2020-04-01 05:35:17.499723	27	44	56	0.5	44.72	995.4	4.3	47.3	2020-04-01 05:24:04.339555	22.95	38.79	61.97	-4.06	80.25	1023.58
2020-04-01 05:45:19.531505	26	41	51	0.28	45.09	995.34	4.4	47.4	2020-04-01 05:44:04.867474	23.7	39.92	63.55	-3.94	80.0	1023.44
2020-04-01 05:55:21.150399	24	40	47	0.35	45.0	995.35	4.2	47.6	2020-04-01 05:44:04.867474	23.7	39.92	63.55	-3.94	80.0	1023.44
2020-04-01 06:05:22.900876	26	41	47	0.35	44.99	995.23	4.1	47.8	2020-04-01 06:04:05.932463	23.54	39.52	62.88	-3.92	79.75	1023.32
2020-04-01 06:15:24.330939	27	41	49	0.27	45.27	995.09	4.0	48.1	2020-04-01 06:04:05.932463	23.54	39.52	62.88	-3.92	79.75	1023.32
2020-04-01 06:25:25.777974	26	41	49	0.18	45.21	995.16	3.9	48.4	2020-04-01 06:24:07.266992	23.63	39.51	62.92	-3.87	79.19	1023.21
2020-04-01 06:35:26.607246	24	39	45	0.16	45.15	995.12	3.8	48.6	2020-04-01 06:24:07.266992	23.63	39.51	62.92	-3.87	79.19	1023.21
2020-04-01 06:45:30.889156	26	41	51	0.13	45.73	995.12	4.0	48.8	2020-04-01 06:44:08.510530	22.68	38.08	60.8	-3.92	78.68	1023.14
2020-04-01 06:55:34.603017	26	41	58	0.08	46.21	995.16	4.1	48.9	2020-04-01 06:44:08.510530	22.68	38.08	60.8	-3.92	78.68	1023.14
2020-04-01 07:05:36.864213	26	42	52	0.34	45.55	995.16	3.9	48.8	2020-04-01 07:04:09.135823	22.06	37.14	58.99	-3.77	78.18	1023.07
2020-04-01 07:15:38.702130	21	30	39	0.53	44.67	995.14	3.7	48.9	2020-04-01 07:04:09.135823	22.06	37.14	58.99	-3.77	78.18	1023.07
2020-04-01 07:25:40.023280	18	34	36	0.5	45.07	995.09	3.9	49.2	2020-04-01 07:24:11.653159	21.39	36.06	57.03	-3.51	77.63	1023.06
2020-04-01 07:35:41.842836	23	35	41	0.87	44.42	995.04	4.0	49.4	2020-04-01 07:24:11.653159	21.39	36.06	57.03	-3.51	77.63	1023.06
2020-04-01 07:45:44.024577	22	35	40	1.24	43.46	995.01	4.0	49.6	2020-04-01 07:44:12.418412	20.63	34.72	54.67	-3.32	77.02	1023.03
2020-04-01 07:55:45.164035	22	38	47	1.26	43.9	994.96	4.6	49.5	2020-04-01 07:44:12.418412	20.63	34.72	54.67	-3.32	77.02	1023.03
2020-04-01 08:05:46.714218	23	38	42	1.63	42.83	994.94	5.1	48.9	2020-04-01 08:04:13.059905	20.06	33.89	53.25	-3.22	76.52	1022.99
2020-04-01 08:15:50.860131	19	30	33	2.26	41.43	994.82	5.4	48.1	2020-04-01 08:04:13.059905	20.06	33.89	53.25	-3.22	76.52	1022.99
2020-04-01 08:25:52.613685	17	26	33	2.48	41.08	994.92	5.6	47.5	2020-04-01 08:24:13.452570	20.0	34.55	53.58	-2.97	74.69	1022.91
2020-04-01 08:35:54.877287	17	32	33	3.05	39.26	994.76	5.7	47.0	2020-04-01 08:24:13.452570	20.0	34.55	53.58	-2.97	74.69	1022.91
2020-04-01 08:45:55.843166	13	21	21	3.33	38.09	994.62	5.5	46.7	2020-04-01 08:44:13.913331	19.13	33.26	51.09	-2.68	73.13	1022.81
2020-04-01 08:55:57.842956	16	25	26	3.41	38.51	994.66	6.2	46.3	2020-04-01 08:44:13.913331	19.13	33.26	51.09	-2.68	73.13	1022.81
2020-04-01 09:06:05.071451	13	23	23	3.74	38.14	994.61	6.6	45.8	2020-04-01 09:04:14.437000	18.65	32.67	48.84	-2.29	71.19	1022.69
2020-04-01 09:16:06.197589	11	18	21	4.57	36.1	994.58	7.0	44.8	2020-04-01 09:04:14.437000	18.65	32.67	48.84	-2.29	71.19	1022.69
2020-04-01 09:26:07.676933	8	13	13	4.95	35.16	994.46	7.3	44.2	2020-04-01 09:24:15.048901	15.7	27.27	39.72	-1.97	70.34	1022.58
2020-04-01 09:36:09.741614	11	14	14	5.37	33.62	994.31	7.8	43.0	2020-04-01 09:24:15.048901	15.7	27.27	39.72	-1.97	70.34	1022.58
2020-04-01 09:46:11.326015	7	10	10	5.61	32.34	994.27	7.9	42.0	2020-04-01 09:44:15.488273	12.81	22.44	31.69	-1.31	68.34	1022.5
2020-04-01 09:56:12.015778	5	8	12	5.86	32.25	994.37	7.8	41.1	2020-04-01 09:44:15.488273	12.81	22.44	31.69	-1.31	68.34	1022.5
2020-04-01 10:06:13.125374	5	7	7	5.93	31.43	994.36	8.1	40.7	2020-04-01 10:04:16.053089	8.96	15.54	21.28	-0.73	66.2	1022.5
2020-04-01 10:16:17.388879	4	5	5	6.31	29.89	994.22	8.2	40.2	2020-04-01 10:04:16.053089	8.96	15.54	21.28	-0.73	66.2	1022.5
2020-04-01 10:26:21.532262	4	6	8	6.64	29.65	994.21	9.0	39.2	2020-04-01 10:24:16.473091	6.64	11.41	15.56	-0.29	64.36	1022.49
2020-04-01 10:36:23.495999	5	7	8	7.46	27.55	993.98	9.4	37.8	2020-04-01 10:24:16.473091	6.64	11.41	15.56	-0.29	64.36	1022.49
2020-04-01 10:46:24.404085	5	5	5	9.7	24.64	993.7	10.2	36.2	2020-04-01 10:44:16.998513	5.29	8.93	12.35	0.17	61.96	1022.43
2020-04-01 10:56:26.540972	5	8	8	11.68	21.32	993.61	11.7	33.9	2020-04-01 10:44:16.998513	5.29	8.93	12.35	0.17	61.96	1022.43
2020-04-01 11:06:30.246620	5	7	7	13.49	19.12	993.46	13.9	31.5	2020-04-01 11:04:17.543138	4.84	8.26	11.67	0.82	59.07	1022.26
2020-04-01 11:16:32.064640	7	8	9	15.4	16.16	993.41	16.5	27.0	2020-04-01 11:04:17.543138	4.84	8.26	11.67	0.82	59.07	1022.26
2020-04-01 11:26:34.493917	5	7	8	15.94	15.58	993.41	16.9	25.6	2020-04-01 11:24:18.072388	4.63	7.78	10.91	1.47	56.13	1022.04
2020-04-01 11:36:35.658554	4	5	5	15.85	15.75	993.35	17.4	25.2	2020-04-01 11:24:18.072388	4.63	7.78	10.91	1.47	56.13	1022.04
2020-04-01 11:46:36.720492	7	9	10	17.59	13.78	993.13	19.2	24.0	2020-04-01 11:44:19.478788	4.87	8.19	11.3	1.86	54.71	1021.86
2020-04-01 11:56:37.570333	5	6	7	18.74	13.22	992.96	19.9	23.2	2020-04-01 11:44:19.478788	4.87	8.19	11.3	1.86	54.71	1021.86
2020-04-01 12:06:39.031589	6	10	12	19.92	11.91	992.73	20.0	22.3	2020-04-01 12:04:19.927866	4.82	7.94	10.83	2.24	53.12	1021.69
2020-04-01 12:16:41.426377	5	6	6	20.16	12.54	992.59	21.7	21.8	2020-04-01 12:04:19.927866	4.82	7.94	10.83	2.24	53.12	1021.69
2020-04-01 12:26:46.259644	5	7	7	21.15	9.89	992.43	20.6	20.8	2020-04-01 12:24:20.554217	5.62	9.77	13.42	2.64	51.75	1021.46
2020-04-01 12:36:47.773417	6	8	8	21.83	9.88	992.41	21.5	20.4	2020-04-01 12:24:20.554217	5.62	9.77	13.42	2.64	51.75	1021.46
2020-04-01 12:46:51.814048	6	6	7	21.89	9.81	992.08	21.7	20.1	2020-04-01 12:44:21.022086	5.95	10.08	13.89	2.94	50.39	1021.18
2020-04-01 12:56:55.742252	7	7	7	23.28	8.64	992.01	23.3	19.3	2020-04-01 12:44:21.022086	5.95	10.08	13.89	2.94	50.39	1021.18
2020-04-01 13:07:00.361985	6	7	8	23.12	8.72	991.94	23.8	17.7	2020-04-01 13:04:21.606183	6.57	11.24	15.64	3.19	49.28	1020.85
2020-04-01 13:17:01.559719	6	8	8	24.62	7.87	991.62	24.4	17.5	2020-04-01 13:04:21.606183	6.57	11.24	15.64	3.19	49.28	1020.85
2020-04-01 13:27:02.976751	6	9	9	25.89	7.19	991.49	24.7	17.3	2020-04-01 13:24:22.239298	6.49	10.55	14.63	3.41	48.1	1020.56
2020-04-01 13:37:04.228909	9	11	11	26.98	6.7	991.2	24.8	17.3	2020-04-01 13:24:22.239298	6.49	10.55	14.63	3.41	48.1	1020.56
2020-04-01 13:47:06.334138	10	12	12	27.37	6.44	991.33	24.5	17.2	2020-04-01 13:44:23.925535	7.13	11.67	16.05	3.64	47.22	1020.25
2020-04-01 13:57:08.843086	9	12	12	28.07	5.79	990.9	24.7	17.1	2020-04-01 13:44:23.925535	7.13	11.67	16.05	3.64	47.22	1020.25
2020-04-01 14:07:10.621056	12	15	15	29.14	5.57	990.82	25.7	17.1	2020-04-01 14:04:25.225125	7.93	12.82	17.56	3.84	46.55	1019.96
2020-04-01 14:17:12.026348	9	12	14	30.02	4.92	990.57	25.6	16.9	2020-04-01 14:04:25.225125	7.93	12.82	17.56	3.84	46.55	1019.96
2020-04-01 14:27:12.982824	9	10	10	30.4	4.56	990.43	25.1	16.6	2020-04-01 14:24:25.658215	8.9	14.16	19.22	4.03	45.9	1019.61
2020-04-01 14:37:14.845132	11	14	15	31.33	5.18	990.44	26.5	16.3	2020-04-01 14:24:25.658215	8.9	14.16	19.22	4.03	45.9	1019.61
2020-04-01 14:47:15.665118	8	12	12	32.28	3.93	990.23	27.0	16.0	2020-04-01 14:44:26.215773	9.37	14.88	20.11	4.2	45.06	1019.28
2020-04-01 14:57:16.378336	8	9	10	33.1	3.5	990.09	27.4	15.6	2020-04-01 14:44:26.215773	9.37	14.88	20.11	4.2	45.06	1019.28
2020-04-01 15:07:17.644315	8	9	9	32.61	3.34	990.14	27.0	14.9	2020-04-01 15:04:26.678387	9.35	14.62	19.6	4.38	44.1	1019.0
2020-04-01 15:17:18.519190	9	11	11	32.53	3.5	990.01	26.1	14.6	2020-04-01 15:04:26.678387	9.35	14.62	19.6	4.38	44.1	1019.0
2020-04-01 15:27:20.598254	9	10	11	33.52	3.18	989.85	26.9	14.7	2020-04-01 15:24:27.113714	9.16	14.32	19.15	4.55	43.08	1018.79
2020-04-01 15:37:24.815510	9	12	12	32.79	3.46	989.72	25.5	15.0	2020-04-01 15:24:27.113714	9.16	14.32	19.15	4.55	43.08	1018.79
2020-04-01 15:47:25.631084	8	11	11	29.21	5.3	989.69	26.4	15.2	2020-04-01 15:44:28.699701	9.3	14.69	19.6	4.73	42.5	1018.58
2020-04-01 15:57:29.299902	10	12	13	26.34	6.85	989.64	24.4	15.4	2020-04-01 15:44:28.699701	9.3	14.69	19.6	4.73	42.5	1018.58
2020-04-01 16:07:30.126426	10	12	12	26.07	6.96	989.54	23.5	15.9	2020-04-01 16:04:29.215178	10.0	16.51	22.36	4.92	42.02	1018.33
2020-04-01 16:17:30.897902	11	14	15	27.29	6.21	989.64	22.7	16.5	2020-04-01 16:04:29.215178	10.0	16.51	22.36	4.92	42.02	1018.33
2020-04-01 16:27:34.502672	12	17	18	27.03	6.48	989.31	22.1	17.1	2020-04-01 16:24:29.743621	10.4	17.15	23.34	5.05	41.76	1018.11
2020-04-01 16:37:38.491379	12	17	17	26.54	6.78	989.29	21.1	17.7	2020-04-01 16:24:29.743621	10.4	17.15	23.34	5.05	41.76	1018.11
2020-04-01 16:47:42.788049	10	15	16	21.06	10.26	989.07	20.7	18.4	2020-04-01 16:44:30.185903	10.88	17.93	24.42	5.15	41.57	1017.83
2020-04-01 16:57:44.061561	13	17	17	16.45	13.35	988.0	19.7	18.9	2020-04-01 16:44:30.185903	10.88	17.93	24.42	5.15	41.57	1017.83
2020-04-01 17:07:45.050266	9	13	14	15.47	15.09	989.18	18.8	19.4	2020-04-01 17:04:30.693036	10.59	16.98	22.77	5.16	41.7	1017.61
2020-04-01 17:17:45.793966	10	13	13	14.9	16.01	989.06	17.9	20.1	2020-04-01 17:04:30.693036	10.59	16.98	22.77	5.16	41.7	1017.61
2020-04-01 17:27:46.541601	12	13	13	13.91	16.99	989.03	16.7	21.1	2020-04-01 17:24:31.177261	10.42	16.76	22.33	5.18	41.74	1017.42
2020-04-01 17:37:47.960276	12	16	17	13.14	18.09	989.09	16.1	22.1	2020-04-01 17:24:31.177261	10.42	16.76	22.33	5.18	41.74	1017.42
2020-04-01 17:47:55.035618	14	16	16	12.78	18.04	989.08	15.0	23.0	2020-04-01 17:44:31.610859	10.33	16.84	22.3	5.14	41.98	1017.28
2020-04-01 17:57:56.133704	15	19	19	12.09	19.25	988.97	14.9	23.8	2020-04-01 17:44:31.610859	10.33	16.84	22.3	5.14	41.98	1017.28
2020-04-01 18:07:57.041718	13	18	20	11.76	19.48	988.9	14.5	24.3	2020-04-01 18:04:32.552660	10.17	16.63	22.05	5.03	42.53	1017.18
2020-04-01 18:17:58.250924	11	16	17	11.25	20.15	988.84	14.4	24.6	2020-04-01 18:04:32.552660	10.17	16.63	22.05	5.03	42.53	1017.18
2020-04-01 18:28:02.368861	10	15	16	11.08	20.34	988.76	14.3	24.8	2020-04-01 18:24:33.048405	10.2	16.66	22.14	4.93	42.97	1017.09
2020-04-01 18:38:03.740921	11	14	14	10.69	20.84	988.7	13.5	25.0	2020-04-01 18:24:33.048405	10.2	16.66	22.14	4.93	42.97	1017.09
2020-04-01 18:48:05.516464	14	16	19	10.44	21.56	988.6	13.4	25.5	2020-04-01 18:44:33.690963	10.12	16.18	21.56	4.85	43.36	1016.97
2020-04-01 18:58:07.644690	13	17	17	10.32	21.67	988.63	13.1	26.1	2020-04-01 18:44:33.690963	10.12	16.18	21.56	4.85	43.36	1016.97
2020-04-01 19:08:09.854550	13	18	20	9.9	22.61	988.45	13.1	26.6	2020-04-01 19:04:34.915612	10.3	16.4	22.05	4.51	45.06	1016.84
2020-04-01 19:18:11.181391	12	16	18	9.8	23.03	988.4	13.2	26.9	2020-04-01 19:04:34.915612	10.3	16.4	22.05	4.51	45.06	1016.84
2020-04-01 19:28:12.463641	13	21	21	9.59	23.58	988.42	13.0	27.1	2020-04-01 19:24:35.434455	10.87	17.34	23.38	4.08	47.33	1016.66
2020-04-01 19:38:13.216832	14	21	22	9.5	23.69	988.36	12.6	27.3	2020-04-01 19:24:35.434455	10.87	17.34	23.38	4.08	47.33	1016.66
2020-04-01 19:48:15.118760	18	25	27	9.23	24.25	988.38	12.6	27.6	2020-04-01 19:44:35.833217	12.08	19.57	26.61	3.67	49.64	1016.45
2020-04-01 19:58:17.252075	17	25	28	9.14	24.38	988.42	12.1	28.0	2020-04-01 19:44:35.833217	12.08	19.57	26.61	3.67	49.64	1016.45
2020-04-01 20:08:21.930391	22	36	41	8.84	25.1	988.45	12.0	28.7	2020-04-01 20:04:36.311760	13.78	22.4	31.55	3.43	50.83	1016.28
2020-04-01 20:18:25.751665	26	39	49	8.69	25.57	988.41	11.9	28.9	2020-04-01 20:04:36.311760	13.78	22.4	31.55	3.43	50.83	1016.28
2020-04-01 20:28:32.973755	29	44	51	8.54	25.71	988.27	12.0	29.0	2020-04-01 20:24:37.683074	16.43	27.12	40.24	3.14	52.07	1016.2
2020-04-01 20:38:37.202785	31	45	54	8.35	26.21	988.29	11.9	29.2	2020-04-01 20:24:37.683074	16.43	27.12	40.24	3.14	52.07	1016.2
2020-04-01 20:48:38.768056	30	45	57	8.32	26.25	988.23	11.7	29.3	2020-04-01 20:44:38.121949	19.44	32.39	50.34	2.79	53.26	1016.19
2020-04-01 20:58:40.319903	29	46	57	8.11	26.77	988.19	11.3	29.6	2020-04-01 20:44:38.121949	19.44	32.39	50.34	2.79	53.26	1016.19
2020-04-01 21:08:41.752977	29	46	59	7.96	26.93	988.17	11.2	30.0	2020-04-01 21:04:38.576388	21.47	35.88	56.79	2.45	54.18	1016.17
2020-04-01 21:18:42.627286	27	43	55	7.8	27.04	988.11	11.0	30.3	2020-04-01 21:04:38.576388	21.47	35.88	56.79	2.45	54.18	1016.17
2020-04-01 21:28:43.945507	26	41	48	7.65	27.57	988.06	10.8	30.8	2020-04-01 21:24:39.043819	22.3	37.14	58.98	2.16	54.73	1016.13
2020-04-01 21:38:47.801340	26	41	49	7.42	28.29	988.1	10.7	31.1	2020-04-01 21:24:39.043819	22.3	37.14	58.98	2.16	54.73	1016.13
2020-04-01 21:48:48.508916	26	40	47	7.44	28.08	987.92	10.5	31.5	2020-04-01 21:44:39.546224	21.99	36.63	58.1	1.9	55.32	1016.04
2020-04-01 21:58:50.831835	25	38	47	7.33	28.23	987.9	10.4	31.9	2020-04-01 21:44:39.546224	21.99	36.63	58.1	1.9	55.32	1016.04
2020-04-01 22:08:52.619543	27	41	50	7.02	28.84	987.82	10.5	32.2	2020-04-01 22:04:40.047919	21.99	36.69	58.02	1.69	56.07	1015.94
2020-04-01 22:18:53.925870	26	40	47	7.1	28.73	987.73	10.3	32.4	2020-04-01 22:04:40.047919	21.99	36.69	58.02	1.69	56.07	1015.94
2020-04-01 22:28:54.870044	25	39	47	6.92	28.92	987.67	10.2	32.5	2020-04-01 22:24:40.614995	21.5	36.02	56.93	1.48	57.01	1015.81
2020-04-01 22:38:56.502103	25	40	48	6.82	29.11	987.64	9.9	32.9	2020-04-01 22:24:40.614995	21.5	36.02	56.93	1.48	57.01	1015.81
2020-04-01 22:48:57.601967	26	41	49	6.63	29.65	987.61	9.8	33.5	2020-04-01 22:44:41.747577	21.22	35.74	56.34	1.25	57.93	1015.69
2020-04-01 22:58:59.769843	25	38	48	6.59	29.7	987.57	9.8	34.2	2020-04-01 22:44:41.747577	21.22	35.74	56.34	1.25	57.93	1015.69
2020-04-01 23:09:01.500792	23	35	41	6.41	30.13	987.56	9.8	34.5	2020-04-01 23:04:42.218463	20.96	35.28	55.72	1.01	58.92	1015.57
2020-04-01 23:19:03.879811	23	35	39	6.49	30.05	987.42	9.6	34.7	2020-04-01 23:04:42.218463	20.96	35.28	55.72	1.01	58.92	1015.57
2020-04-01 23:29:05.469126	25	40	48	6.19	30.98	987.54	9.8	34.9	2020-04-01 23:24:42.752788	20.92	35.18	55.51	0.8	60.0	1015.48
2020-04-01 23:39:07.552242	28	42	52	6.3	30.79	987.41	9.6	35.2	2020-04-01 23:24:42.752788	20.92	35.18	55.51	0.8	60.0	1015.48
2020-04-01 23:49:08.670003	25	40	48	6.04	31.54	987.43	9.6	35.5	2020-04-01 23:44:43.826401	20.85	34.94	55.08	0.63	61.12	1015.39
2020-04-01 23:59:09.869082	25	41	47	6.13	31.46	987.31	9.4	35.8	2020-04-01 23:44:43.826401	20.85	34.94	55.08	0.63	61.12	1015.39
2020-04-02 00:09:14.261331	25	38	46	5.92	32.0	987.29	9.4	36.1	2020-04-02 00:04:44.304759	20.71	34.71	54.52	0.49	62.33	1015.31
2020-04-02 00:19:15.194221	27	40	46	5.79	32.5	987.16	9.2	36.5	2020-04-02 00:04:44.304759	20.71	34.71	54.52	0.49	62.33	1015.31
2020-04-02 00:29:15.949730	26	41	47	5.66	33.06	987.15	9.2	36.8	2020-04-02 00:24:44.783255	20.79	34.85	54.71	0.38	63.64	1015.21
2020-04-02 00:39:17.204611	26	40	50	5.7	32.98	987.11	9.1	37.1	2020-04-02 00:24:44.783255	20.79	34.85	54.71	0.38	63.64	1015.21
2020-04-02 00:49:24.289745	24	39	46	5.74	32.97	986.99	8.9	37.6	2020-04-02 00:44:45.304737	21.0	35.15	55.22	0.26	65.01	1015.1
2020-04-02 00:59:24.994661	24	38	47	5.52	33.59	986.9	8.8	38.1	2020-04-02 00:44:45.304737	21.0	35.15	55.22	0.26	65.01	1015.1
2020-04-02 01:09:25.697536	26	43	54	5.38	34.0	986.97	8.9	38.6	2020-04-02 01:04:45.908842	21.24	35.46	55.78	0.16	66.25	1014.98
2020-04-02 01:19:27.895466	28	41	51	5.35	34.26	986.86	8.8	38.8	2020-04-02 01:04:45.908842	21.24	35.46	55.78	0.16	66.25	1014.98
2020-04-02 01:29:29.323085	27	41	48	5.27	34.61	986.81	8.9	38.9	2020-04-02 01:24:46.360275	21.35	35.62	56.0	0.09	67.33	1014.88
2020-04-02 01:39:32.660107	27	40	49	5.18	35.03	986.78	8.7	39.3	2020-04-02 01:24:46.360275	21.35	35.62	56.0	0.09	67.33	1014.88
2020-04-02 01:49:34.435477	28	43	51	5.01	35.26	986.7	8.9	39.4	2020-04-02 01:44:46.828993	21.51	35.98	56.78	0.03	68.4	1014.76
2020-04-02 01:59:38.083361	29	45	56	5.02	35.46	986.61	8.8	39.4	2020-04-02 01:44:46.828993	21.51	35.98	56.78	0.03	68.4	1014.76
2020-04-02 02:09:39.161291	28	43	51	4.97	35.19	986.49	8.7	39.3	2020-04-02 02:04:47.333128	21.86	36.57	57.84	-0.02	69.37	1014.65
2020-04-02 02:19:39.935576	30	46	54	4.97	35.39	986.38	8.5	39.3	2020-04-02 02:04:47.333128	21.86	36.57	57.84	-0.02	69.37	1014.65
2020-04-02 02:29:42.192403	28	43	51	4.77	35.86	986.33	8.4	39.6	2020-04-02 02:24:47.992737	22.27	37.32	59.23	-0.1	70.27	1014.5
2020-04-02 02:39:43.179606	27	42	51	4.6	36.28	986.32	8.5	39.8	2020-04-02 02:24:47.992737	22.27	37.32	59.23	-0.1	70.27	1014.5
2020-04-02 02:49:44.807927	28	44	55	4.58	36.23	986.21	8.4	40.0	2020-04-02 02:44:48.462185	22.41	37.53	59.62	-0.19	71.09	1014.35
2020-04-02 02:59:46.308174	26	40	50	4.53	36.09	986.17	8.4	40.0	2020-04-02 02:44:48.462185	22.41	37.53	59.62	-0.19	71.09	1014.35
2020-04-02 03:09:48.258042	31	50	62	4.39	36.74	986.1	8.2	40.1	2020-04-02 03:04:48.910953	22.45	37.56	59.71	-0.31	71.8	1014.22
2020-04-02 03:19:52.200386	28	43	55	4.35	36.78	986.12	8.2	40.3	2020-04-02 03:04:48.910953	22.45	37.56	59.71	-0.31	71.8	1014.22
2020-04-02 03:29:53.193023	30	43	52	4.21	36.57	986.05	8.2	40.5	2020-04-02 03:24:49.459305	22.67	37.77	60.1	-0.45	72.47	1014.11
2020-04-02 03:39:54.710907	30	45	54	4.19	37.06	986.11	7.9	40.6	2020-04-02 03:24:49.459305	22.67	37.77	60.1	-0.45	72.47	1014.11
2020-04-02 03:49:55.959012	31	46	57	4.14	37.01	985.92	7.8	40.8	2020-04-02 03:44:49.962888	23.21	38.45	61.01	-0.59	73.1	1014.03
2020-04-02 03:59:58.398101	28	44	55	3.95	37.46	985.92	7.8	40.9	2020-04-02 03:44:49.962888	23.21	38.45	61.01	-0.59	73.1	1014.03
2020-04-02 04:09:59.373678	31	49	59	4.01	37.49	985.94	7.8	41.1	2020-04-02 04:04:50.446687	23.62	39.08	62.09	-0.72	73.59	1013.94
2020-04-02 04:20:00.760140	30	44	51	3.9	37.45	985.89	7.8	41.1	2020-04-02 04:04:50.446687	23.62	39.08	62.09	-0.72	73.59	1013.94
2020-04-02 04:30:02.429312	28	42	51	3.94	37.4	985.8	7.7	41.3	2020-04-02 04:24:51.020426	23.83	39.33	62.38	-0.91	74.19	1013.87
2020-04-02 04:40:04.014409	26	43	51	3.96	37.41	985.76	7.6	41.4	2020-04-02 04:24:51.020426	23.83	39.33	62.38	-0.91	74.19	1013.87
2020-04-02 04:50:04.788781	30	47	57	3.67	38.23	985.69	7.6	41.6	2020-04-02 04:44:51.494170	23.91	39.42	62.59	-1.12	74.83	1013.77
2020-04-02 05:00:05.938417	31	49	62	3.74	38.09	985.72	7.6	41.7	2020-04-02 04:44:51.494170	23.91	39.42	62.59	-1.12	74.83	1013.77
2020-04-02 05:10:06.899815	30	47	61	3.81	37.96	985.74	7.6	41.8	2020-04-02 05:04:51.979178	23.81	39.36	62.33	-1.26	75.37	1013.68
2020-04-02 05:20:07.703831	30	44	54	3.78	37.8	985.72	7.7	41.8	2020-04-02 05:04:51.979178	23.81	39.36	62.33	-1.26	75.37	1013.68
2020-04-02 05:30:08.464739	29	48	60	3.83	37.76	985.67	7.7	41.8	2020-04-02 05:24:52.340832	23.75	39.27	62.31	-1.27	75.53	1013.59
2020-04-02 05:40:09.755608	31	48	61	3.9	37.74	985.77	7.9	41.6	2020-04-02 05:24:52.340832	23.75	39.27	62.31	-1.27	75.53	1013.59
2020-04-02 05:50:10.457157	29	44	54	4.09	37.22	985.79	7.7	41.5	2020-04-02 05:44:52.765215	23.86	39.56	62.62	-1.2	75.76	1013.56
2020-04-02 06:00:12.403611	31	49	65	4.03	37.66	985.7	7.5	41.7	2020-04-02 05:44:52.765215	23.86	39.56	62.62	-1.2	75.76	1013.56
2020-04-02 06:10:13.710937	31	48	61	4.17	37.11	985.53	7.3	42.1	2020-04-02 06:04:53.304691	23.85	39.43	62.47	-1.09	75.71	1013.56
2020-04-02 06:20:16.135525	26	42	51	4.14	37.28	985.54	7.3	42.6	2020-04-02 06:04:53.304691	23.85	39.43	62.47	-1.09	75.71	1013.56
2020-04-02 06:30:17.556481	29	44	56	4.12	37.15	985.53	7.3	42.8	2020-04-02 06:24:53.902791	23.65	39.2	62.04	-1.04	74.91	1013.52
2020-04-02 06:40:19.888963	31	45	55	4.01	37.55	985.35	7.3	42.9	2020-04-02 06:24:53.902791	23.65	39.2	62.04	-1.04	74.91	1013.52
2020-04-02 06:50:20.817827	31	48	59	3.82	38.54	985.38	7.3	43.0	2020-04-02 06:44:54.560430	23.46	38.89	61.59	-1.04	74.15	1013.43
2020-04-02 07:00:22.316125	32	51	62	3.82	38.54	985.37	7.5	43.1	2020-04-02 06:44:54.560430	23.46	38.89	61.59	-1.04	74.15	1013.43
2020-04-02 07:10:23.180779	31	47	57	4.06	38.09	985.36	7.6	43.1	2020-04-02 07:04:55.164030	23.69	39.3	62.29	-1.01	73.44	1013.31
2020-04-02 07:20:27.248817	31	49	61	4.08	38.27	985.42	7.6	43.1	2020-04-02 07:04:55.164030	23.69	39.3	62.29	-1.01	73.44	1013.31
2020-04-02 07:30:28.267971	31	49	60	4.3	37.99	985.44	7.8	43.0	2020-04-02 07:24:55.622193	24.33	40.31	63.69	-0.76	72.42	1013.23
2020-04-02 07:40:30.407274	32	51	64	4.6	37.63	985.53	7.9	43.0	2020-04-02 07:24:55.622193	24.33	40.31	63.69	-0.76	72.42	1013.23
2020-04-02 07:50:31.370630	31	47	58	4.89	37.15	985.65	8.1	43.0	2020-04-02 07:44:56.108738	24.69	41.03	64.99	-0.55	71.28	1013.26
2020-04-02 08:00:33.150279	30	48	61	5.07	37.09	985.59	8.3	43.0	2020-04-02 07:44:56.108738	24.69	41.03	64.99	-0.55	71.28	1013.26
2020-04-02 08:10:35.169455	30	47	58	5.18	37.41	985.73	8.6	42.9	2020-04-02 08:04:56.618788	24.49	40.73	64.58	-0.35	70.23	1013.33
2020-04-02 08:20:37.448409	27	45	55	5.48	37.27	985.61	9.1	42.6	2020-04-02 08:04:56.618788	24.49	40.73	64.58	-0.35	70.23	1013.33
2020-04-02 08:30:39.383206	28	45	54	5.74	37.19	985.57	9.3	42.3	2020-04-02 08:24:57.205996	25.24	42.22	66.21	-0.16	69.5	1013.44
2020-04-02 08:40:41.123256	28	43	50	5.94	37.42	985.74	9.8	42.0	2020-04-02 08:24:57.205996	25.24	42.22	66.21	-0.16	69.5	1013.44
2020-04-02 08:50:42.504684	27	41	47	6.44	36.7	985.78	9.8	41.9	2020-04-02 08:44:59.028844	24.14	40.34	63.21	0.1	68.88	1013.52
2020-04-02 09:00:43.510767	27	42	53	6.61	36.77	985.71	9.7	42.0	2020-04-02 08:44:59.028844	24.14	40.34	63.21	0.1	68.88	1013.52
2020-04-02 09:10:44.924070	29	43	51	6.65	37.36	985.6	10.1	42.1	2020-04-02 09:04:59.544715	23.34	38.99	60.8	0.43	68.27	1013.59
2020-04-02 09:20:46.638704	30	45	53	7.17	36.12	985.54	9.7	42.3	2020-04-02 09:04:59.544715	23.34	38.99	60.8	0.43	68.27	1013.59
2020-04-02 09:30:48.231805	24	40	48	7.31	36.55	985.52	9.9	42.7	2020-04-02 09:25:00.317071	21.6	35.8	56.22	0.9	67.6	1013.59
2020-04-02 09:40:49.594590	27	45	52	7.44	37.01	985.62	10.3	43.1	2020-04-02 09:25:00.317071	21.6	35.8	56.22	0.9	67.6	1013.59
2020-04-02 09:50:51.368523	28	42	48	7.61	37.08	985.5	10.8	43.1	2020-04-02 09:45:00.835882	21.08	34.92	54.5	1.43	66.86	1013.55
2020-04-02 10:00:52.145420	24	39	46	8.13	36.5	985.42	10.6	42.7	2020-04-02 09:45:00.835882	21.08	34.92	54.5	1.43	66.86	1013.55
2020-04-02 10:10:53.840265	24	37	42	8.29	36.47	985.32	10.6	42.7	2020-04-02 10:05:01.223159	20.22	33.53	52.01	2.04	66.13	1013.44
2020-04-02 10:20:55.132914	24	37	45	8.44	36.73	985.29	11.0	43.0	2020-04-02 10:05:01.223159	20.22	33.53	52.01	2.04	66.13	1013.44
2020-04-02 10:30:56.965100	22	34	38	9.03	35.82	985.43	11.2	43.2	2020-04-02 10:25:02.701374	19.33	32.34	49.95	2.66	65.6	1013.33
2020-04-02 10:41:01.085460	22	30	34	9.12	35.76	985.36	11.4	43.2	2020-04-02 10:25:02.701374	19.33	32.34	49.95	2.66	65.6	1013.33
2020-04-02 10:51:05.140871	23	37	44	9.48	34.99	985.25	11.8	42.9	2020-04-02 10:45:03.185537	18.43	30.87	47.44	3.28	65.08	1013.26
2020-04-02 11:01:09.080087	19	29	29	9.66	34.74	985.31	11.7	42.7	2020-04-02 10:45:03.185537	18.43	30.87	47.44	3.28	65.08	1013.26
2020-04-02 11:11:10.486750	20	32	40	9.92	34.84	985.2	12.0	42.5	2020-04-02 11:05:05.083992	17.54	29.25	44.61	3.93	64.46	1013.2
2020-04-02 11:21:11.711392	19	24	27	10.16	33.9	985.1	12.0	42.5	2020-04-02 11:05:05.083992	17.54	29.25	44.61	3.93	64.46	1013.2
2020-04-02 11:31:13.480515	20	29	33	10.36	33.63	985.04	12.1	42.5	2020-04-02 11:25:05.600055	16.38	26.98	40.26	4.38	64.07	1013.15
2020-04-02 11:41:14.658732	20	28	29	10.76	32.94	984.96	12.8	42.1	2020-04-02 11:25:05.600055	16.38	26.98	40.26	4.38	64.07	1013.15
2020-04-02 11:51:16.362235	15	22	24	10.97	32.61	984.95	13.2	41.5	2020-04-02 11:45:05.933749	15.43	25.27	36.94	4.82	63.48	1013.05
2020-04-02 12:01:17.699408	20	27	27	10.81	33.03	985.01	13.3	40.8	2020-04-02 11:45:05.933749	15.43	25.27	36.94	4.82	63.48	1013.05
2020-04-02 12:11:19.977612	18	28	30	10.94	32.52	985.01	13.2	40.3	2020-04-02 12:05:06.421680	14.76	24.14	34.32	5.25	62.88	1012.93
2020-04-02 12:21:23.921576	17	27	30	10.57	32.94	984.96	12.7	40.2	2020-04-02 12:05:06.421680	14.76	24.14	34.32	5.25	62.88	1012.93
2020-04-02 12:31:25.489658	15	20	22	10.64	33.09	984.84	12.8	40.4	2020-04-02 12:25:06.952470	14.42	23.71	33.45	5.56	61.9	1012.85
2020-04-02 12:41:26.842877	17	26	30	11.42	31.69	984.82	13.3	40.5	2020-04-02 12:25:06.952470	14.42	23.71	33.45	5.56	61.9	1012.85
2020-04-02 12:51:28.556264	15	19	20	11.86	30.14	984.68	13.6	40.0	2020-04-02 12:45:07.432249	13.89	22.86	31.77	5.83	60.89	1012.78
2020-04-02 13:01:30.657838	15	20	22	11.25	32.24	984.58	14.0	39.4	2020-04-02 12:45:07.432249	13.89	22.86	31.77	5.83	60.89	1012.78
2020-04-02 13:11:32.711515	17	23	23	11.26	32.25	984.6	13.9	39.0	2020-04-02 12:45:07.432249	13.89	22.86	31.77	5.83	60.89	1012.78
2020-04-02 13:21:34.488655	16	23	23	11.21	31.77	984.48	13.5	39.0	2020-04-02 12:45:07.432249	13.89	22.86	31.77	5.83	60.89	1012.78
2020-04-02 13:31:35.212705	13	17	19	10.95	31.73	984.5	13.5	39.1	2020-04-02 12:45:07.432249	13.89	22.86	31.77	5.83	60.89	1012.78
2020-04-02 13:41:36.548307	14	19	19	10.78	31.53	984.41	13.5	39.0	2020-04-02 12:45:07.432249	13.89	22.86	31.77	5.83	60.89	1012.78
2020-04-02 13:51:37.750084	14	18	19	10.79	30.97	984.41	13.5	38.7	2020-04-02 12:45:07.432249	13.89	22.86	31.77	5.83	60.89	1012.78
2020-04-02 14:01:39.508887	13	17	17	10.67	30.58	984.27	13.3	38.1	2020-04-02 12:45:07.432249	13.89	22.86	31.77	5.83	60.89	1012.78
2020-04-02 14:11:41.667824	14	20	24	10.73	30.94	984.18	12.9	37.9	2020-04-02 12:45:07.432249	13.89	22.86	31.77	5.83	60.89	1012.78
2020-04-02 14:21:43.024243	11	14	16	11.39	29.62	983.97	13.3	37.9	2020-04-02 12:45:07.432249	13.89	22.86	31.77	5.83	60.89	1012.78
2020-04-02 14:31:45.081968	12	16	17	12.28	28.28	983.82	14.3	37.6	2020-04-02 12:45:07.432249	13.89	22.86	31.77	5.83	60.89	1012.78
2020-04-02 14:41:48.860399	10	14	15	13.77	24.62	983.78	15.1	36.2	2020-04-02 12:45:07.432249	13.89	22.86	31.77	5.83	60.89	1012.78
2020-04-02 14:51:52.515710	9	13	13	15.03	22.42	983.65	16.5	33.1	2020-04-02 12:45:07.432249	13.89	22.86	31.77	5.83	60.89	1012.78
2020-04-02 15:01:54.448646	10	13	14	14.78	22.41	983.64	15.9	31.9	2020-04-02 12:45:07.432249	13.89	22.86	31.77	5.83	60.89	1012.78
2020-04-02 15:11:55.897275	12	17	18	15.53	21.79	983.44	16.0	31.7	2020-04-02 12:45:07.432249	13.89	22.86	31.77	5.83	60.89	1012.78
2020-04-02 15:21:57.744643	12	14	16	15.56	22.02	983.33	16.4	31.4	2020-04-02 12:45:07.432249	13.89	22.86	31.77	5.83	60.89	1012.78
2020-04-02 15:31:58.699727	12	15	15	14.83	21.8	983.26	16.3	31.1	2020-04-02 12:45:07.432249	13.89	22.86	31.77	5.83	60.89	1012.78
2020-04-02 15:42:00.469069	10	14	16	15.45	21.44	983.04	16.4	30.7	2020-04-02 12:45:07.432249	13.89	22.86	31.77	5.83	60.89	1012.78
2020-04-02 15:52:01.439588	12	14	17	15.48	21.62	982.99	16.9	30.3	2020-04-02 12:45:07.432249	13.89	22.86	31.77	5.83	60.89	1012.78
2020-04-02 16:02:02.620020	10	13	13	18.56	18.21	982.84	18.4	29.9	2020-04-02 12:45:07.432249	13.89	22.86	31.77	5.83	60.89	1012.78
2020-04-02 16:12:03.348510	11	14	16	16.87	20.29	982.79	18.5	29.2	2020-04-02 12:45:07.432249	13.89	22.86	31.77	5.83	60.89	1012.78
2020-04-02 16:22:06.895102	15	22	23	22.55	14.76	982.66	19.4	28.7	2020-04-02 12:45:07.432249	13.89	22.86	31.77	5.83	60.89	1012.78
2020-04-02 16:32:08.550372	11	14	14	23.75	13.5	982.56	20.9	28.2	2020-04-02 16:25:12.655190	10.6	16.21	21.41	7.46	49.79	1011.1
2020-04-02 16:42:09.678191	14	19	20	23.85	13.12	982.26	21.7	27.2	2020-04-02 16:25:12.655190	10.6	16.21	21.41	7.46	49.79	1011.1
2020-04-02 16:52:13.526298	16	23	23	17.49	19.39	982.41	21.1	26.0	2020-04-02 16:45:13.112760	11.37	17.58	23.36	7.59	49.47	1010.87
2020-04-02 17:02:15.158553	15	20	21	15.53	22.08	982.2	19.3	26.1	2020-04-02 16:45:13.112760	11.37	17.58	23.36	7.59	49.47	1010.87
2020-04-02 17:12:19.800435	14	20	21	14.53	23.52	982.09	18.1	27.6	2020-04-02 17:05:13.553411	12.16	18.64	24.65	7.74	48.99	1010.6
2020-04-02 17:22:21.958982	16	20	21	13.97	24.6	982.08	17.4	28.5	2020-04-02 17:05:13.553411	12.16	18.64	24.65	7.74	48.99	1010.6
2020-04-02 17:32:23.559229	16	22	22	13.41	25.25	982.06	16.7	29.1	2020-04-02 17:25:14.049152	12.84	19.73	26.24	7.77	49.55	1010.28
2020-04-02 17:42:25.777982	16	23	27	12.82	26.23	981.95	16.4	29.8	2020-04-02 17:25:14.049152	12.84	19.73	26.24	7.77	49.55	1010.28
2020-04-02 17:52:27.397462	16	24	24	12.46	27.35	981.91	16.3	30.4	2020-04-02 17:45:14.479547	13.32	20.5	27.3	7.79	50.06	1010.03
2020-04-02 18:02:28.541991	19	23	24	12.23	27.9	981.91	16.1	30.9	2020-04-02 17:45:14.479547	13.32	20.5	27.3	7.79	50.06	1010.03
2020-04-02 18:12:29.798437	17	26	27	11.96	28.37	981.73	15.7	31.4	2020-04-02 18:05:14.999752	13.7	21.14	28.33	7.78	50.61	1009.82
2020-04-02 18:22:30.893494	20	25	26	11.58	28.75	981.64	15.3	32.0	2020-04-02 18:05:14.999752	13.7	21.14	28.33	7.78	50.61	1009.82
2020-04-02 18:32:32.613958	18	25	25	11.28	29.78	981.48	14.9	32.6	2020-04-02 18:25:15.532875	14.24	22.02	30.01	7.78	50.62	1009.66
2020-04-02 18:42:33.451534	20	30	33	11.07	30.13	981.34	14.8	33.3	2020-04-02 18:25:15.532875	14.24	22.02	30.01	7.78	50.62	1009.66
2020-04-02 18:52:35.261045	20	29	30	10.7	31.12	981.32	14.7	33.8	2020-04-02 18:45:16.052373	14.77	22.71	31.49	7.78	50.67	1009.45
2020-04-02 19:02:36.051314	18	28	29	10.62	31.15	981.21	14.6	34.1	2020-04-02 18:45:16.052373	14.77	22.71	31.49	7.78	50.67	1009.45
2020-04-02 19:12:37.923996	20	27	28	10.38	31.92	981.32	14.4	34.4	2020-04-02 19:05:16.584570	15.49	23.83	33.83	7.45	52.52	1009.24
2020-04-02 19:22:38.647517	27	39	50	10.23	32.13	981.18	14.4	34.7	2020-04-02 19:05:16.584570	15.49	23.83	33.83	7.45	52.52	1009.24
2020-04-02 19:32:41.034452	21	30	31	10.05	32.79	981.16	14.2	35.0	2020-04-02 19:25:17.192416	15.95	24.58	35.35	6.99	55.0	1009.07
2020-04-02 19:42:42.486819	21	32	34	9.93	33.03	981.03	14.1	35.3	2020-04-02 19:25:17.192416	15.95	24.58	35.35	6.99	55.0	1009.07
2020-04-02 19:52:46.419321	27	40	50	9.77	33.29	980.99	14.0	35.6	2020-04-02 19:45:17.586759	16.42	25.69	37.38	6.6	56.93	1008.97
2020-04-02 20:02:47.239492	35	56	69	9.68	33.36	980.96	13.9	35.7	2020-04-02 19:45:17.586759	16.42	25.69	37.38	6.6	56.93	1008.97
2020-04-02 20:12:48.629030	23	36	39	9.47	34.1	980.96	13.9	35.8	2020-04-02 20:05:17.941556	16.52	25.93	38.13	6.17	58.88	1008.86
2020-04-02 20:22:50.322963	25	36	42	9.31	34.32	980.97	13.9	35.9	2020-04-02 20:05:17.941556	16.52	25.93	38.13	6.17	58.88	1008.86
2020-04-02 20:32:51.227083	28	46	55	9.41	33.91	980.89	13.8	35.9	2020-04-02 20:25:18.412715	17.45	27.84	41.65	5.82	60.15	1008.74
2020-04-02 20:42:53.615646	30	45	56	9.17	35.4	980.93	13.7	36.2	2020-04-02 20:25:18.412715	17.45	27.84	41.65	5.82	60.15	1008.74
2020-04-02 20:52:57.535746	37	59	73	9.02	34.92	980.83	13.6	36.4	2020-04-02 20:45:19.322724	18.72	29.73	45.23	5.44	61.29	1008.67
2020-04-02 21:02:59.163512	33	52	63	8.89	35.45	980.78	13.6	36.5	2020-04-02 20:45:19.322724	18.72	29.73	45.23	5.44	61.29	1008.67
2020-04-02 21:13:03.037038	35	54	71	8.97	34.88	980.65	13.2	36.7	2020-04-02 21:05:19.737775	20.41	32.62	50.32	5.17	61.62	1008.63
2020-04-02 21:23:07.332497	35	51	64	8.87	35.2	980.53	12.8	37.2	2020-04-02 21:05:19.737775	20.41	32.62	50.32	5.17	61.62	1008.63
2020-04-02 21:33:09.704411	44	63	74	8.48	36.39	980.49	12.7	37.9	2020-04-02 21:25:20.169004	22.13	35.48	55.19	4.98	61.72	1008.55
2020-04-02 21:43:11.292461	38	61	72	8.26	36.66	980.31	12.7	38.3	2020-04-02 21:25:20.169004	22.13	35.48	55.19	4.98	61.72	1008.55
2020-04-02 21:53:15.606123	38	59	73	8.09	37.35	980.27	12.7	38.3	2020-04-02 21:45:20.645176	23.58	38.39	59.12	4.89	61.79	1008.45
2020-04-02 22:03:19.720400	38	58	71	7.97	37.74	980.21	12.7	38.3	2020-04-02 21:45:20.645176	23.58	38.39	59.12	4.89	61.79	1008.45
2020-04-02 22:13:23.422136	44	73	80	7.94	37.79	980.15	12.6	38.3	2020-04-02 22:05:21.102977	26.08	43.57	65.31	4.5	63.53	1008.28
2020-04-02 22:23:24.422050	35	57	72	7.96	37.55	980.08	12.3	38.5	2020-04-02 22:05:21.102977	26.08	43.57	65.31	4.5	63.53	1008.28
2020-04-02 22:33:29.816475	32	48	61	7.89	37.43	979.94	12.1	38.8	2020-04-02 22:25:21.637000	30.14	51.94	74.47	3.85	66.93	1008.14
2020-04-02 22:43:33.670266	35	54	71	7.7	38.0	979.84	11.9	39.8	2020-04-02 22:25:21.637000	30.14	51.94	74.47	3.85	66.93	1008.14
2020-04-02 22:53:34.957952	36	60	75	7.54	38.5	979.77	11.8	40.0	2020-04-02 22:45:22.158543	34.1	60.03	83.54	3.17	70.39	1008.0
2020-04-02 23:03:36.341653	40	67	79	7.44	38.77	979.62	11.8	40.1	2020-04-02 22:45:22.158543	34.1	60.03	83.54	3.17	70.39	1008.0
2020-04-02 23:13:40.450001	41	63	75	7.15	39.62	979.54	11.7	40.3	2020-04-02 23:05:22.630147	38.66	69.29	95.36	2.76	72.41	1007.87
2020-04-02 23:23:41.998998	41	67	79	7.07	39.73	979.48	11.8	40.4	2020-04-02 23:05:22.630147	38.66	69.29	95.36	2.76	72.41	1007.87
2020-04-02 23:33:43.371718	35	55	71	7.3	38.76	979.28	11.5	40.5	2020-04-02 23:25:23.228235	42.16	75.86	104.79	2.54	73.6	1007.7
2020-04-02 23:43:44.350965	34	51	63	7.07	39.76	979.26	11.1	40.8	2020-04-02 23:25:23.228235	42.16	75.86	104.79	2.54	73.6	1007.7
2020-04-02 23:53:45.180960	35	54	71	7.11	39.33	979.15	10.8	41.3	2020-04-02 23:45:23.706031	43.16	78.28	108.52	2.34	74.77	1007.5
2020-04-03 00:03:45.967031	35	54	70	7.02	39.63	979.08	10.5	42.1	2020-04-02 23:45:23.706031	43.16	78.28	108.52	2.34	74.77	1007.5
2020-04-03 00:13:48.006487	35	54	67	6.86	39.61	979.05	10.6	42.7	2020-04-03 00:05:24.228650	42.03	76.63	106.55	2.17	75.74	1007.31
2020-04-03 00:23:49.294745	35	51	67	6.86	39.38	979.0	10.3	43.1	2020-04-03 00:05:24.228650	42.03	76.63	106.55	2.17	75.74	1007.31
2020-04-03 00:33:52.986241	36	57	70	6.61	39.76	978.93	10.2	43.2	2020-04-03 00:25:24.637138	38.21	70.95	98.62	2.1	75.87	1007.14
2020-04-03 00:43:54.506761	36	55	71	6.46	39.49	978.93	10.1	43.2	2020-04-03 00:25:24.637138	38.21	70.95	98.62	2.1	75.87	1007.14
2020-04-03 00:53:58.547312	38	61	73	6.49	38.91	978.85	9.7	43.4	2020-04-03 00:45:25.142942	34.93	64.7	89.79	2.09	76.01	1007.03
2020-04-03 01:04:02.261894	36	59	73	6.39	38.59	978.86	9.4	43.8	2020-04-03 00:45:25.142942	34.93	64.7	89.79	2.09	76.01	1007.03
2020-04-03 01:14:03.698572	34	53	66	6.14	38.65	978.79	9.3	44.2	2020-04-03 01:05:25.712615	32.03	59.12	82.01	2.14	75.63	1006.92
2020-04-03 01:14:03.698572	34	53	66	6.14	38.65	978.79	9.3	44.2	2020-04-03 01:05:25.712615	32.03	59.12	82.01	2.14	75.63	1006.92
2020-04-03 01:24:08.639670	32	52	65	6.14	37.69	978.77	9.3	44.1	2020-04-03 01:25:26.221081	29.94	54.89	76.87	2.18	73.99	1006.83
2020-04-03 01:34:10.706975	33	53	67	6.12	37.48	978.78	9.5	43.7	2020-04-03 01:25:26.221081	29.94	54.89	76.87	2.18	73.99	1006.83
2020-04-03 01:44:14.594246	32	52	67	6.15	37.0	978.81	9.4	43.3	2020-04-03 01:45:26.699079	27.91	50.66	73.56	2.2	72.22	1006.74
2020-04-03 01:54:15.585059	31	48	60	6.26	36.77	978.75	9.5	43.1	2020-04-03 01:45:26.699079	27.91	50.66	73.56	2.2	72.22	1006.74
2020-04-03 02:04:16.762209	31	51	63	6.49	36.27	978.76	9.5	42.9	2020-04-03 02:05:27.128588	25.89	46.0	69.67	2.26	70.85	1006.68
2020-04-03 02:14:17.686513	30	49	62	6.37	36.48	978.6	9.3	42.9	2020-04-03 02:05:27.128588	25.89	46.0	69.67	2.26	70.85	1006.68
2020-04-03 02:24:19.432648	30	48	60	6.38	36.11	978.61	8.7	43.2	2020-04-03 02:25:27.690148	24.31	41.75	65.7	2.34	70.35	1006.6
2020-04-03 02:34:20.501320	31	49	60	6.13	36.72	978.6	8.7	43.7	2020-04-03 02:25:27.690148	24.31	41.75	65.7	2.34	70.35	1006.6
2020-04-03 02:44:21.952238	31	48	60	6.09	36.71	978.35	8.7	44.2	2020-04-03 02:45:28.118459	23.58	40.03	63.71	2.37	69.88	1006.5
2020-04-03 02:54:22.885776	34	56	71	5.96	36.96	978.32	8.7	44.3	2020-04-03 02:45:28.118459	23.58	40.03	63.71	2.37	69.88	1006.5
2020-04-03 03:04:23.611032	32	54	69	5.96	37.02	978.33	8.8	44.3	2020-04-03 03:05:28.566555	23.72	40.66	64.46	2.38	69.46	1006.35
2020-04-03 03:14:24.650297	30	47	59	5.96	37.14	978.27	9.0	44.1	2020-04-03 03:05:28.566555	23.72	40.66	64.46	2.38	69.46	1006.35
2020-04-03 03:24:25.550316	29	45	58	6.09	36.82	978.27	9.0	44.0	2020-04-03 03:25:29.119243	23.52	40.54	64.3	2.4	69.09	1006.22
2020-04-03 03:34:27.617248	30	47	59	6.07	37.04	978.4	9.1	43.8	2020-04-03 03:25:29.119243	23.52	40.54	64.3	2.4	69.09	1006.22
2020-04-03 03:44:28.366369	28	47	59	6.15	36.89	978.48	9.3	43.6	2020-04-03 03:45:29.662288	23.38	40.53	64.24	2.4	68.79	1006.17
2020-04-03 03:54:29.044499	30	47	57	6.42	36.27	978.42	8.9	43.6	2020-04-03 03:45:29.662288	23.38	40.53	64.24	2.4	68.79	1006.17
2020-04-03 04:04:30.181231	28	45	56	6.29	36.95	978.44	9.1	43.8	2020-04-03 04:05:30.196745	22.66	38.96	61.97	2.39	68.64	1006.2
2020-04-03 04:14:36.921457	29	46	55	6.3	37.15	978.31	9.1	44.3	2020-04-03 04:05:30.196745	22.66	38.96	61.97	2.39	68.64	1006.2
2020-04-03 04:24:38.639220	27	45	56	6.34	37.58	978.21	9.1	44.4	2020-04-03 04:25:30.632089	22.34	38.41	60.97	2.35	68.99	1006.24
2020-04-03 04:34:43.973054	30	45	56	6.29	37.65	978.27	9.2	44.6	2020-04-03 04:25:30.632089	22.34	38.41	60.97	2.35	68.99	1006.24
2020-04-03 04:44:45.338044	30	48	58	6.42	37.35	978.24	9.1	44.7	2020-04-03 04:45:31.173386	22.36	38.16	60.4	2.35	69.47	1006.2
2020-04-03 04:54:47.367380	29	46	56	6.23	38.0	978.39	9.0	44.8	2020-04-03 04:45:31.173386	22.36	38.16	60.4	2.35	69.47	1006.2
2020-04-03 05:04:48.641955	30	48	57	5.95	38.61	978.54	9.0	45.0	2020-04-03 05:05:31.597946	22.48	38.48	60.74	2.36	69.82	1006.18
2020-04-03 05:14:49.821736	29	46	56	5.85	39.09	978.73	9.1	45.1	2020-04-03 05:05:31.597946	22.48	38.48	60.74	2.36	69.82	1006.18
2020-04-03 05:24:51.563945	30	45	53	5.86	39.3	978.9	9.1	45.2	2020-04-03 05:25:32.187438	22.66	38.58	60.92	2.36	69.89	1006.29
2020-04-03 05:34:52.496144	30	47	59	5.86	39.47	978.9	8.8	45.4	2020-04-03 05:25:32.187438	22.66	38.58	60.92	2.36	69.89	1006.29
2020-04-03 05:44:56.851408	28	45	56	5.7	40.15	978.9	8.7	45.8	2020-04-03 05:45:32.589884	23.32	39.73	61.92	2.43	70.08	1006.5
2020-04-03 05:54:58.241767	29	47	59	5.83	40.22	978.86	8.6	46.3	2020-04-03 05:45:32.589884	23.32	39.73	61.92	2.43	70.08	1006.5
2020-04-03 06:05:02.439322	27	43	50	5.78	40.74	978.83	8.6	46.9	2020-04-03 06:05:33.134091	22.92	38.69	60.37	2.52	70.27	1006.64
2020-04-03 06:15:03.295977	29	42	53	5.48	41.89	979.04	8.6	47.4	2020-04-03 06:05:33.134091	22.92	38.69	60.37	2.52	70.27	1006.64
2020-04-03 06:25:04.302120	28	43	51	5.74	41.36	979.08	8.5	47.8	2020-04-03 06:25:33.701447	22.62	38.15	59.36	2.56	70.49	1006.73
2020-04-03 06:35:08.084998	28	41	51	5.65	41.9	978.93	8.5	48.2	2020-04-03 06:25:33.701447	22.62	38.15	59.36	2.56	70.49	1006.73
2020-04-03 06:45:10.386015	28	42	53	5.79	41.93	979.06	8.5	48.5	2020-04-03 06:45:34.144124	21.77	36.64	57.74	2.51	70.63	1006.79
2020-04-03 06:55:12.471104	27	41	53	5.99	41.69	979.19	8.5	48.9	2020-04-03 06:45:34.144124	21.77	36.64	57.74	2.51	70.63	1006.79
2020-04-03 07:05:20.025265	26	44	54	6.13	41.8	979.37	8.6	49.2	2020-04-03 07:05:34.691639	21.84	36.83	58.01	2.47	70.96	1006.9
2020-04-03 07:15:23.801856	27	41	51	6.04	42.3	979.59	8.9	49.4	2020-04-03 07:05:34.691639	21.84	36.83	58.01	2.47	70.96	1006.9
2020-04-03 07:25:25.962778	26	41	48	6.38	42.19	979.77	9.1	49.3	2020-04-03 07:25:35.261359	21.63	36.48	57.44	2.49	71.55	1007.05
2020-04-03 07:35:28.017387	25	45	55	6.6	42.02	979.8	9.0	49.3	2020-04-03 07:25:35.261359	21.63	36.48	57.44	2.49	71.55	1007.05
2020-04-03 07:45:29.242324	25	38	47	6.54	42.79	979.91	9.2	49.6	2020-04-03 07:45:35.655682	21.13	35.61	55.85	2.55	72.44	1007.29
2020-04-03 07:55:30.714516	24	39	48	6.73	43.23	980.13	9.4	50.0	2020-04-03 07:45:35.655682	21.13	35.61	55.85	2.55	72.44	1007.29
2020-04-03 08:05:32.112662	23	41	52	6.52	44.45	980.11	9.4	50.4	2020-04-03 08:05:36.170528	20.41	34.37	53.51	2.6	73.38	1007.58
2020-04-03 08:15:32.884413	26	43	53	6.76	44.29	980.08	9.5	50.9	2020-04-03 08:05:36.170528	20.41	34.37	53.51	2.6	73.38	1007.58
2020-04-03 08:25:34.001798	24	39	48	6.83	44.74	980.2	9.6	51.2	2020-04-03 08:25:36.626182	20.12	33.98	52.73	2.73	73.96	1007.8
2020-04-03 08:35:36.022552	23	37	43	7.12	44.18	980.27	9.6	51.5	2020-04-03 08:25:36.626182	20.12	33.98	52.73	2.73	73.96	1007.8
2020-04-03 08:45:37.471456	26	41	51	7.15	44.28	980.38	9.4	51.7	2020-04-03 08:45:37.262110	19.89	33.74	52.13	2.86	74.47	1007.95
2020-04-03 08:55:41.524734	24	40	50	7.33	44.1	980.46	9.5	52.1	2020-04-03 08:45:37.262110	19.89	33.74	52.13	2.86	74.47	1007.95
2020-04-03 09:05:42.314651	24	40	50	7.48	44.19	980.68	9.7	52.5	2020-04-03 09:05:37.734425	19.86	33.64	52.1	2.97	74.89	1008.11
2020-04-03 09:15:43.277206	25	41	52	7.34	44.83	980.73	9.8	52.7	2020-04-03 09:05:37.734425	19.86	33.64	52.1	2.97	74.89	1008.11
2020-04-03 09:25:47.512844	24	38	47	7.4	44.94	980.93	9.7	52.7	2020-04-03 09:25:38.248631	19.94	33.67	52.13	3.27	74.73	1008.32
2020-04-03 09:35:48.514100	27	40	49	7.5	45.19	981.05	9.9	52.9	2020-04-03 09:25:38.248631	19.94	33.67	52.13	3.27	74.73	1008.32
2020-04-03 09:45:52.369813	26	41	50	7.86	44.75	981.11	9.9	53.1	2020-04-03 09:45:38.704588	19.84	33.47	51.94	3.58	74.61	1008.58
2020-04-03 09:55:54.695047	26	43	52	8.0	44.9	981.21	9.9	53.3	2020-04-03 09:45:38.704588	19.84	33.47	51.94	3.58	74.61	1008.58
2020-04-03 10:05:56.465082	23	38	45	8.38	44.27	981.35	10.7	52.8	2020-04-03 10:05:39.161954	19.65	33.15	51.23	3.93	74.55	1008.82
2020-04-03 10:15:57.644395	24	42	50	8.33	44.76	981.44	10.9	52.2	2020-04-03 10:05:39.161954	19.65	33.15	51.23	3.93	74.55	1008.82
2020-04-03 10:25:58.649458	23	36	43	8.98	42.75	981.63	11.3	51.3	2020-04-03 10:25:39.635889	19.19	32.46	49.85	4.3	73.83	1009.06
2020-04-03 10:36:03.001907	22	35	42	9.3	40.8	981.66	10.9	50.7	2020-04-03 10:25:39.635889	19.19	32.46	49.85	4.3	73.83	1009.06
2020-04-03 10:46:04.584911	21	38	45	9.26	41.98	981.74	11.7	50.2	2020-04-03 10:45:40.327297	18.66	31.71	48.31	4.69	72.94	1009.27
2020-04-03 10:56:06.000842	22	35	44	10.68	38.94	981.91	12.3	49.6	2020-04-03 10:45:40.327297	18.66	31.71	48.31	4.69	72.94	1009.27
2020-04-03 11:06:10.100693	20	31	38	12.35	34.89	981.84	14.0	47.1	2020-04-03 11:05:40.721276	17.86	30.41	46.11	5.07	71.95	1009.49
2020-04-03 11:16:15.265958	20	30	34	12.41	33.91	982.02	15.1	43.5	2020-04-03 11:05:40.721276	17.86	30.41	46.11	5.07	71.95	1009.49
2020-04-03 11:26:17.582302	21	32	37	14.67	29.89	981.98	15.9	41.8	2020-04-03 11:25:41.162572	17.04	29.0	43.79	5.36	70.61	1009.69
2020-04-03 11:36:18.417463	18	31	33	16.16	27.03	982.11	18.3	35.6	2020-04-03 11:25:41.162572	17.04	29.0	43.79	5.36	70.61	1009.69
2020-04-03 11:46:19.462316	21	32	38	14.91	28.36	982.3	17.1	35.8	2020-04-03 11:45:41.624842	16.44	27.84	41.96	5.66	69.34	1009.89
2020-04-03 11:56:21.694855	22	33	36	13.56	30.52	982.44	16.0	36.6	2020-04-03 11:45:41.624842	16.44	27.84	41.96	5.66	69.34	1009.89
2020-04-03 12:06:26.052776	22	35	39	11.9	34.02	982.55	14.2	39.1	2020-04-03 12:05:42.169227	16.32	27.69	41.71	5.96	67.94	1010.09
2020-04-03 12:16:26.719039	22	32	35	10.84	37.26	982.75	13.3	42.3	2020-04-03 12:05:42.169227	16.32	27.69	41.71	5.96	67.94	1010.09
2020-04-03 12:26:28.628579	21	32	37	10.73	38.23	982.79	13.2	44.0	2020-04-03 12:25:42.694877	16.64	28.25	42.76	6.13	65.74	1010.3
2020-04-03 12:36:29.359024	23	37	43	12.44	34.73	982.77	13.7	45.0	2020-04-03 12:25:42.694877	16.64	28.25	42.76	6.13	65.74	1010.3
2020-04-03 12:46:30.976510	21	32	37	15.17	28.45	982.67	15.2	43.6	2020-04-03 12:45:43.216399	16.89	28.86	43.86	6.3	63.64	1010.48
2020-04-03 12:56:35.032023	18	24	24	13.05	30.94	983.06	15.7	41.1	2020-04-03 12:45:43.216399	16.89	28.86	43.86	6.3	63.64	1010.48
2020-04-03 13:06:38.651099	20	32	34	12.45	33.15	983.07	15.5	40.6	2020-04-03 13:05:43.633600	16.43	28.17	42.71	6.47	61.42	1010.63
2020-04-03 13:16:41.049587	17	25	25	14.36	29.75	983.13	15.9	39.6	2020-04-03 13:05:43.633600	16.43	28.17	42.71	6.47	61.42	1010.63
2020-04-03 13:26:42.884015	15	25	27	14.24	27.37	983.2	16.5	37.9	2020-04-03 13:25:44.064415	15.2	26.28	39.13	6.66	58.45	1010.8
2020-04-03 13:36:46.559385	16	26	27	14.04	28.71	983.39	16.4	36.5	2020-04-03 13:25:44.064415	15.2	26.28	39.13	6.66	58.45	1010.8
2020-04-03 13:46:48.761392	18	25	25	13.32	30.66	983.42	16.7	36.6	2020-04-03 13:45:44.593105	13.6	23.85	34.28	6.82	55.25	1010.98
2020-04-03 13:56:50.761030	15	24	25	15.04	27.63	983.49	16.1	36.9	2020-04-03 13:45:44.593105	13.6	23.85	34.28	6.82	55.25	1010.98
2020-04-03 14:06:52.010289	16	26	26	22.13	18.43	983.32	19.7	36.2	2020-04-03 14:05:45.182030	13.0	22.93	32.24	6.92	52.35	1011.2
2020-04-03 14:16:55.960980	14	19	19	26.52	13.0	983.26	23.5	27.7	2020-04-03 14:05:45.182030	13.0	22.93	32.24	6.92	52.35	1011.2
2020-04-03 14:26:56.781186	11	17	19	23.46	13.87	983.35	24.7	26.7	2020-04-03 14:25:45.638947	12.45	22.14	30.56	7.08	50.83	1011.33
2020-04-03 14:36:57.794959	9	12	12	18.58	16.72	983.56	21.9	25.3	2020-04-03 14:25:45.638947	12.45	22.14	30.56	7.08	50.83	1011.33
2020-04-03 14:46:58.816470	9	12	13	20.44	15.81	983.51	20.2	25.2	2020-04-03 14:45:46.084291	11.22	19.75	27.33	7.29	48.25	1011.46
2020-04-03 14:57:00.469853	3	4	4	23.77	10.46	982.91	20.8	25.1	2020-04-03 14:45:46.084291	11.22	19.75	27.33	7.29	48.25	1011.46
2020-04-03 15:07:01.336276	4	6	7	24.66	10.36	983.44	22.8	24.2	2020-04-03 15:05:46.614504	8.54	15.03	20.5	7.57	45.12	1011.58
2020-04-03 15:17:05.810408	4	5	5	19.69	14.08	983.63	22.6	22.5	2020-04-03 15:05:46.614504	8.54	15.03	20.5	7.57	45.12	1011.58
2020-04-03 15:27:07.182959	2	3	3	19.86	13.75	983.69	20.8	22.2	2020-04-03 15:25:47.113978	5.89	10.19	13.93	7.74	42.98	1011.72
2020-04-03 15:37:08.548246	2	4	4	21.26	12.9	983.83	20.1	22.5	2020-04-03 15:25:47.113978	5.89	10.19	13.93	7.74	42.98	1011.72
2020-04-03 15:47:10.654786	4	5	5	18.43	15.18	984.0	20.0	23.1	2020-04-03 15:45:47.710626	3.88	6.63	9.1	7.82	41.78	1011.85
2020-04-03 15:57:12.048524	1	1	2	16.25	17.09	984.19	19.1	23.7	2020-04-03 15:45:47.710626	3.88	6.63	9.1	7.82	41.78	1011.85
2020-04-03 16:07:13.110951	2	2	2	15.38	18.37	984.39	18.3	24.1	2020-04-03 16:05:48.149611	2.65	4.63	6.54	7.86	41.08	1012.01
2020-04-03 16:17:13.994752	2	3	4	14.16	19.69	984.45	17.5	24.6	2020-04-03 16:05:48.149611	2.65	4.63	6.54	7.86	41.08	1012.01
2020-04-03 16:27:15.321769	1	3	3	14.76	19.53	984.4	17.2	25.2	2020-04-03 16:25:48.647263	1.95	3.63	5.31	7.71	41.19	1012.21
2020-04-03 16:37:16.167046	1	1	1	14.4	19.38	984.61	17.6	25.6	2020-04-03 16:25:48.647263	1.95	3.63	5.31	7.71	41.19	1012.21
2020-04-03 16:47:17.491106	2	4	4	14.52	19.36	984.67	17.9	25.7	2020-04-03 16:45:49.106552	1.59	3.17	4.8	7.55	41.46	1012.41
2020-04-03 16:57:18.346346	3	4	4	14.57	19.13	984.7	18.3	25.5	2020-04-03 16:45:49.106552	1.59	3.17	4.8	7.55	41.46	1012.41
2020-04-03 17:07:19.943927	0	1	3	14.36	19.13	984.92	17.9	25.2	2020-04-03 17:05:50.096856	1.74	3.59	5.42	7.41	41.63	1012.6
2020-04-03 17:17:20.795887	0	1	1	14.19	18.83	985.03	17.2	25.0	2020-04-03 17:05:50.096856	1.74	3.59	5.42	7.41	41.63	1012.6
2020-04-03 17:27:21.762540	2	2	3	13.58	18.8	985.2	16.6	24.9	2020-04-03 17:25:50.629790	1.64	3.44	5.19	7.37	41.6	1012.82
2020-04-03 17:37:22.769964	0	0	1	13.14	19.04	985.34	16.6	24.9	2020-04-03 17:25:50.629790	1.64	3.44	5.19	7.37	41.6	1012.82
2020-04-03 17:47:24.699122	1	3	3	12.9	20.03	985.44	16.2	25.0	2020-04-03 17:45:51.134382	1.66	3.54	5.35	7.35	41.52	1013.03
2020-04-03 17:57:28.301128	0	0	3	12.47	21.1	985.54	15.9	25.7	2020-04-03 17:45:51.134382	1.66	3.54	5.35	7.35	41.52	1013.03
2020-04-03 18:07:30.436339	3	4	4	12.31	21.57	985.7	15.6	26.2	2020-04-03 18:05:51.679320	1.56	3.31	5.13	7.3	41.65	1013.3
2020-04-03 18:17:31.920916	1	2	2	12.15	21.01	985.81	15.5	26.4	2020-04-03 18:05:51.679320	1.56	3.31	5.13	7.3	41.65	1013.3
2020-04-03 18:27:33.080441	2	2	2	11.78	21.86	986.02	15.6	26.5	2020-04-03 18:25:52.092316	1.79	3.67	5.6	7.17	42.19	1013.55
2020-04-03 18:37:34.354225	1	2	2	11.51	22.79	986.07	15.7	26.6	2020-04-03 18:25:52.092316	1.79	3.67	5.6	7.17	42.19	1013.55
2020-04-03 18:47:36.256885	4	5	5	11.61	22.83	986.23	15.5	26.7	2020-04-03 18:45:52.583999	2.14	4.2	6.3	6.97	43.29	1013.79
2020-04-03 18:57:37.417169	2	3	3	11.17	23.84	986.49	15.3	27.0	2020-04-03 18:45:52.583999	2.14	4.2	6.3	6.97	43.29	1013.79
2020-04-03 19:07:39.535481	4	6	7	10.91	24.46	986.55	15.2	27.3	2020-04-03 19:05:53.048294	2.44	4.57	6.69	6.78	44.35	1014.05
2020-04-03 19:17:46.559624	2	4	4	10.78	25.65	986.77	15.0	27.8	2020-04-03 19:05:53.048294	2.44	4.57	6.69	6.78	44.35	1014.05
2020-04-03 19:27:48.078672	4	6	6	10.65	26.79	986.97	15.0	28.3	2020-04-03 19:25:53.471827	2.56	4.68	6.88	6.54	45.73	1014.35
2020-04-03 19:37:49.735183	3	4	6	10.29	27.91	987.16	14.9	28.9	2020-04-03 19:25:53.471827	2.56	4.68	6.88	6.54	45.73	1014.35
2020-04-03 19:47:51.833784	5	7	7	10.21	28.52	987.29	14.8	29.4	2020-04-03 19:45:54.079199	2.97	5.4	7.86	6.23	47.59	1014.68
2020-04-03 19:57:53.477466	6	10	15	10.07	28.68	987.43	14.7	29.9	2020-04-03 19:45:54.079199	2.97	5.4	7.86	6.23	47.59	1014.68
2020-04-03 20:07:54.278546	8	12	13	9.88	29.47	987.59	14.6	30.1	2020-04-03 20:05:54.633541	3.93	6.96	10.0	5.91	49.58	1015.0
2020-04-03 20:17:55.504399	8	10	10	9.99	29.35	987.66	14.4	30.5	2020-04-03 20:05:54.633541	3.93	6.96	10.0	5.91	49.58	1015.0
2020-04-03 20:27:56.336909	7	10	11	9.75	29.8	987.93	14.3	30.9	2020-04-03 20:25:55.120879	5.28	9.4	13.26	5.61	51.51	1015.33
2020-04-03 20:37:57.115183	7	11	14	9.55	30.09	988.0	14.1	31.3	2020-04-03 20:25:55.120879	5.28	9.4	13.26	5.61	51.51	1015.33
2020-04-03 20:47:57.959859	7	12	13	9.54	30.21	988.21	13.8	31.7	2020-04-03 20:45:55.669502	6.88	12.14	17.25	5.31	53.22	1015.62
2020-04-03 20:57:58.795280	10	16	16	9.43	30.57	988.29	13.5	32.2	2020-04-03 20:45:55.669502	6.88	12.14	17.25	5.31	53.22	1015.62
2020-04-03 21:08:00.972380	15	23	25	9.18	31.14	988.5	13.4	32.8	2020-04-03 21:05:56.117189	8.9	16.38	23.21	5.01	54.78	1015.91
2020-04-03 21:18:03.013344	12	18	18	8.96	31.57	988.56	13.3	33.1	2020-04-03 21:05:56.117189	8.9	16.38	23.21	5.01	54.78	1015.91
2020-04-03 21:28:04.233802	15	20	20	8.88	31.77	988.63	13.2	33.3	2020-04-03 21:25:56.584087	10.91	19.67	27.99	4.82	56.3	1016.12
2020-04-03 21:38:05.372071	18	29	32	8.73	31.67	988.83	13.1	33.5	2020-04-03 21:25:56.584087	10.91	19.67	27.99	4.82	56.3	1016.12
2020-04-03 21:48:06.097994	11	19	19	8.67	31.68	988.85	12.9	33.8	2020-04-03 21:45:57.047238	12.25	21.94	30.86	4.75	57.79	1016.31
2020-04-03 21:58:07.197846	14	22	22	8.6	31.9	988.96	12.7	34.1	2020-04-03 21:45:57.047238	12.25	21.94	30.86	4.75	57.79	1016.31
2020-04-03 22:08:11.357726	16	21	27	8.37	32.38	989.0	12.6	34.4	2020-04-03 22:05:57.599550	13.33	23.12	32.73	4.69	59.23	1016.49
2020-04-03 22:18:13.605397	20	31	32	8.25	32.46	989.07	12.6	34.6	2020-04-03 22:05:57.599550	13.33	23.12	32.73	4.69	59.23	1016.49
2020-04-03 22:28:14.385528	20	30	35	8.1	32.95	989.26	12.5	34.6	2020-04-03 22:25:58.042215	13.84	23.99	34.35	4.49	60.62	1016.7
2020-04-03 22:38:15.373130	29	45	55	7.95	33.4	989.27	12.4	34.7	2020-04-03 22:25:58.042215	13.84	23.99	34.35	4.49	60.62	1016.7
2020-04-03 22:48:17.113363	28	44	53	7.82	33.09	989.41	12.3	34.8	2020-04-03 22:45:58.612783	16.19	27.67	41.61	4.19	62.06	1016.9
2020-04-03 22:58:21.821732	29	42	52	7.76	33.21	989.49	12.0	35.2	2020-04-03 22:45:58.612783	16.19	27.67	41.61	4.19	62.06	1016.9
2020-04-03 23:08:26.088477	23	37	47	7.56	33.6	989.69	11.9	35.4	2020-04-03 23:05:59.163872	18.02	30.65	47.64	3.87	63.5	1017.12
2020-04-03 23:18:27.113427	20	36	42	7.46	33.48	989.77	11.7	35.6	2020-04-03 23:05:59.163872	18.02	30.65	47.64	3.87	63.5	1017.12
2020-04-03 23:28:28.276361	24	36	44	7.34	34.03	989.92	11.6	35.8	2020-04-03 23:25:59.719135	20.15	34.18	54.29	3.7	64.25	1017.27
2020-04-03 23:38:30.709172	28	45	55	7.13	34.65	989.94	11.7	35.9	2020-04-03 23:25:59.719135	20.15	34.18	54.29	3.7	64.25	1017.27
2020-04-03 23:48:31.878716	27	46	58	7.15	34.64	990.09	11.6	36.1	2020-04-03 23:46:00.628393	22.36	37.89	60.73	3.26	67.06	1017.59
2020-04-03 23:58:36.137844	27	42	50	6.96	35.16	990.13	11.6	36.2	2020-04-03 23:46:00.628393	22.36	37.89	60.73	3.26	67.06	1017.59
2020-04-04 00:08:36.965717	27	40	47	6.97	34.82	990.3	11.5	36.2	2020-04-04 00:06:01.164138	23.59	39.72	63.98	2.99	68.92	1017.78
2020-04-04 00:18:38.816323	35	58	72	7.12	34.6	990.43	11.3	36.4	2020-04-04 00:06:01.164138	23.59	39.72	63.98	2.99	68.92	1017.78
2020-04-04 00:28:40.289564	32	50	66	6.91	34.73	990.46	11.1	36.7	2020-04-04 00:26:01.562694	23.71	39.8	64.08	2.87	69.4	1017.98
2020-04-04 00:38:41.748214	35	54	71	6.84	35.0	990.67	10.8	37.1	2020-04-04 00:26:01.562694	23.71	39.8	64.08	2.87	69.4	1017.98
2020-04-04 00:48:43.975778	35	57	71	6.54	35.7	990.79	10.7	37.5	2020-04-04 00:46:02.133487	24.13	40.61	65.08	2.79	69.4	1018.24
2020-04-04 00:58:45.678962	31	50	61	6.6	35.27	990.96	10.4	37.9	2020-04-04 00:46:02.133487	24.13	40.61	65.08	2.79	69.4	1018.24
2020-04-04 01:08:47.356556	32	49	61	6.36	35.98	991.08	10.2	38.3	2020-04-04 01:06:02.599918	25.54	44.39	68.56	2.69	69.86	1018.49
2020-04-04 01:18:48.255460	28	47	61	6.18	36.71	991.1	10.2	38.7	2020-04-04 01:06:02.599918	25.54	44.39	68.56	2.69	69.86	1018.49
2020-04-04 01:28:50.240568	30	47	60	6.13	37.02	991.22	10.2	39.0	2020-04-04 01:26:03.158128	28.69	51.9	76.47	2.42	71.68	1018.78
2020-04-04 01:38:51.194524	29	47	56	6.01	37.23	991.26	10.3	39.1	2020-04-04 01:26:03.158128	28.69	51.9	76.47	2.42	71.68	1018.78
2020-04-04 01:48:52.254617	29	49	63	5.92	37.61	991.39	10.2	39.1	2020-04-04 01:46:03.585723	29.92	55.83	79.93	2.16	73.44	1019.02
2020-04-04 01:58:54.128365	27	40	48	5.89	37.58	991.45	10.1	39.1	2020-04-04 01:46:03.585723	29.92	55.83	79.93	2.16	73.44	1019.02
2020-04-04 02:08:55.468746	30	45	53	5.64	38.63	991.66	10.1	39.2	2020-04-04 02:06:04.014876	29.15	53.83	78.56	1.93	74.95	1019.23
2020-04-04 02:18:57.661963	23	35	37	5.78	38.55	991.72	10.1	39.5	2020-04-04 02:06:04.014876	29.15	53.83	78.56	1.93	74.95	1019.23
2020-04-04 02:28:58.421915	21	34	37	5.75	38.43	991.74	10.1	39.8	2020-04-04 02:26:04.483387	26.02	46.66	71.21	1.82	75.81	1019.43
2020-04-04 02:38:59.898947	30	48	61	5.65	38.9	991.89	10.0	40.0	2020-04-04 02:26:04.483387	26.02	46.66	71.21	1.82	75.81	1019.43
2020-04-04 02:49:01.276255	24	37	43	5.68	38.98	991.85	10.0	40.1	2020-04-04 02:46:04.933089	24.38	42.08	66.94	1.74	76.74	1019.61
2020-04-04 02:59:02.490994	26	39	46	5.63	38.46	992.01	9.9	40.6	2020-04-04 02:46:04.933089	24.38	42.08	66.94	1.74	76.74	1019.61
2020-04-04 03:09:03.390104	30	46	53	5.59	38.84	992.09	9.7	41.2	2020-04-04 03:06:05.535822	24.5	42.28	67.06	1.63	77.39	1019.78
2020-04-04 03:19:05.091354	30	48	58	5.59	38.54	992.2	9.7	41.9	2020-04-04 03:06:05.535822	24.5	42.28	67.06	1.63	77.39	1019.78
2020-04-04 03:29:06.696421	32	50	62	5.61	38.67	992.2	9.6	42.1	2020-04-04 03:26:05.959119	25.45	44.5	69.28	1.5	77.58	1019.91
2020-04-04 03:39:10.789726	30	48	63	5.62	38.66	992.29	9.7	42.3	2020-04-04 03:26:05.959119	25.45	44.5	69.28	1.5	77.58	1019.91
2020-04-04 03:49:12.080019	31	49	62	5.68	39.2	992.48	9.7	42.4	2020-04-04 03:46:06.388431	27.48	49.24	73.86	1.37	77.81	1020.07
2020-04-04 03:59:12.695924	32	49	64	5.72	39.41	992.6	9.7	42.7	2020-04-04 03:46:06.388431	27.48	49.24	73.86	1.37	77.81	1020.07
2020-04-04 04:09:13.367922	28	43	51	5.56	39.98	992.77	9.9	42.9	2020-04-04 04:06:06.840678	29.17	53.31	77.58	1.24	78.48	1020.31
2020-04-04 04:19:17.014957	28	42	53	5.54	40.69	992.84	9.8	42.9	2020-04-04 04:06:06.840678	29.17	53.31	77.58	1.24	78.48	1020.31
2020-04-04 04:29:17.660748	24	38	46	5.78	40.88	992.83	10.1	42.7	2020-04-04 04:26:07.271166	29.79	55.07	79.07	0.98	80.05	1020.55
2020-04-04 04:39:21.820053	25	38	44	5.84	41.16	992.95	10.1	42.6	2020-04-04 04:26:07.271166	29.79	55.07	79.07	0.98	80.05	1020.55
2020-04-04 04:49:23.829973	25	39	48	5.48	42.63	993.13	10.1	42.6	2020-04-04 04:46:07.722264	28.65	52.21	76.66	0.74	81.6	1020.76
2020-04-04 04:59:24.859417	24	37	46	5.77	42.08	993.12	10.0	42.8	2020-04-04 04:46:07.722264	28.65	52.21	76.66	0.74	81.6	1020.76
2020-04-04 05:09:25.793045	25	38	45	5.54	42.61	993.25	10.0	43.1	2020-04-04 05:06:08.152008	26.29	46.23	70.7	0.55	82.82	1020.92
2020-04-04 05:19:26.909818	24	34	37	5.27	43.73	993.39	9.8	43.6	2020-04-04 05:06:08.152008	26.29	46.23	70.7	0.55	82.82	1020.92
2020-04-04 05:29:27.762762	26	41	51	5.24	43.35	993.49	9.7	44.3	2020-04-04 05:26:08.622624	24.6	41.77	66.2	0.41	83.79	1021.07
2020-04-04 05:39:29.811725	25	39	49	5.17	43.53	993.68	9.5	45.0	2020-04-04 05:26:08.622624	24.6	41.77	66.2	0.41	83.79	1021.07
2020-04-04 05:49:31.747317	25	41	50	5.12	43.43	993.8	9.2	45.5	2020-04-04 05:46:09.078461	23.19	38.88	62.26	0.25	84.73	1021.29
2020-04-04 05:59:32.598167	24	37	44	4.87	44.42	994.02	9.2	46.0	2020-04-04 05:46:09.078461	23.19	38.88	62.26	0.25	84.73	1021.29
2020-04-04 06:09:34.789519	26	39	48	4.68	45.12	994.14	9.2	46.3	2020-04-04 06:06:09.485214	22.67	37.98	60.75	0.11	85.62	1021.53
2020-04-04 06:19:36.809199	28	42	52	4.75	44.97	994.24	9.0	46.4	2020-04-04 06:06:09.485214	22.67	37.98	60.75	0.11	85.62	1021.53
2020-04-04 06:29:38.622164	28	45	57	4.7	44.85	994.46	9.0	46.6	2020-04-04 06:26:09.879941	23.12	39.09	62.28	0.02	86.28	1021.8
2020-04-04 06:39:40.333379	27	43	49	4.59	45.42	994.66	8.8	46.8	2020-04-04 06:26:09.879941	23.12	39.09	62.28	0.02	86.28	1021.8
2020-04-04 06:49:41.325900	28	41	51	4.6	45.38	994.73	8.8	47.1	2020-04-04 06:46:10.348586	23.59	39.76	63.49	-0.1	86.88	1022.11
2020-04-04 06:59:42.770865	30	47	58	4.6	46.18	994.83	8.9	47.3	2020-04-04 06:46:10.348586	23.59	39.76	63.49	-0.1	86.88	1022.11
2020-04-04 07:09:44.184732	26	42	49	4.63	46.65	994.96	9.2	47.4	2020-04-04 07:06:10.874310	24.5	41.2	65.54	-0.15	87.62	1022.41
2020-04-04 07:19:48.481742	29	48	60	4.76	46.61	995.1	9.5	47.4	2020-04-04 07:06:10.874310	24.5	41.2	65.54	-0.15	87.62	1022.41
2020-04-04 07:29:49.557877	25	41	51	5.23	45.76	995.4	9.6	47.3	2020-04-04 07:26:11.437298	24.74	41.44	65.65	0.05	87.52	1022.69
2020-04-04 07:39:51.177024	25	40	50	5.51	45.33	995.48	9.6	47.5	2020-04-04 07:26:11.437298	24.74	41.44	65.65	0.05	87.52	1022.69
2020-04-04 07:49:53.605351	24	39	48	5.79	45.25	995.74	9.9	47.7	2020-04-04 07:46:11.851866	25.11	41.86	66.3	0.26	87.44	1022.97
2020-04-04 07:59:54.260353	24	40	48	6.08	45.16	995.85	10.3	47.7	2020-04-04 07:46:11.851866	25.11	41.86	66.3	0.26	87.44	1022.97
2020-04-04 08:09:58.556114	24	35	43	6.49	45.15	995.9	10.6	47.2	2020-04-04 08:06:12.455445	24.41	40.65	64.6	0.43	87.23	1023.3
2020-04-04 08:20:00.680609	21	33	37	6.9	44.84	995.99	11.2	46.7	2020-04-04 08:06:12.455445	24.41	40.65	64.6	0.43	87.23	1023.3
2020-04-04 08:30:01.640718	21	30	33	7.49	43.36	996.05	11.6	46.1	2020-04-04 08:26:13.003872	22.61	37.87	60.41	0.89	86.25	1023.61
2020-04-04 08:40:03.063134	21	26	28	7.92	41.96	996.08	12.1	45.8	2020-04-04 08:26:13.003872	22.61	37.87	60.41	0.89	86.25	1023.61
2020-04-04 08:50:03.785979	18	31	35	8.5	40.96	996.15	12.5	45.2	2020-04-04 08:46:13.548260	19.88	33.49	52.74	1.37	85.25	1023.82
2020-04-04 09:00:07.771967	14	21	23	8.95	39.85	996.24	12.8	44.6	2020-04-04 08:46:13.548260	19.88	33.49	52.74	1.37	85.25	1023.82
2020-04-04 09:10:09.189808	11	15	16	9.42	37.5	996.42	13.3	43.5	2020-04-04 09:06:14.093826	16.71	28.81	44.26	1.88	84.25	1023.94
2020-04-04 09:20:11.514341	8	14	16	9.91	35.84	996.62	13.8	42.6	2020-04-04 09:06:14.093826	16.71	28.81	44.26	1.88	84.25	1023.94
2020-04-04 09:30:15.614417	6	8	9	10.32	33.11	996.7	14.2	40.8	2020-04-04 09:26:14.550394	13.08	22.7	33.54	2.58	80.3	1024.13
2020-04-04 09:40:17.690408	4	8	8	10.95	31.69	996.72	14.6	38.7	2020-04-04 09:26:14.550394	13.08	22.7	33.54	2.58	80.3	1024.13
2020-04-04 09:50:18.508977	6	9	9	11.2	32.01	996.79	14.8	37.8	2020-04-04 09:46:14.977426	9.7	17.4	24.88	3.22	76.05	1024.4
2020-04-04 10:00:19.256847	8	12	12	11.63	30.46	996.87	15.2	37.2	2020-04-04 09:46:14.977426	9.7	17.4	24.88	3.22	76.05	1024.4
2020-04-04 10:10:20.372556	6	7	7	11.89	29.46	996.98	15.3	36.8	2020-04-04 10:06:15.468454	7.12	12.79	17.94	3.81	71.76	1024.69
2020-04-04 10:20:24.603342	6	7	7	12.39	28.47	997.09	15.3	36.3	2020-04-04 10:06:15.468454	7.12	12.79	17.94	3.81	71.76	1024.69
2020-04-04 10:30:30.087415	6	8	8	12.66	27.44	997.22	15.0	35.7	2020-04-04 10:26:15.916557	5.88	10.43	14.83	4.31	68.66	1024.92
2020-04-04 10:40:31.089035	5	7	8	13.36	26.69	997.22	15.6	35.1	2020-04-04 10:26:15.916557	5.88	10.43	14.83	4.31	68.66	1024.92
2020-04-04 10:50:32.682437	6	8	8	14.5	24.75	997.36	15.9	34.5	2020-04-04 10:46:16.440204	5.16	8.98	12.91	4.92	65.24	1025.16
2020-04-04 11:00:33.706280	4	5	5	15.31	23.26	997.32	17.9	33.2	2020-04-04 10:46:16.440204	5.16	8.98	12.91	4.92	65.24	1025.16
2020-04-04 11:10:37.623955	8	10	11	16.18	21.7	997.4	19.2	32.3	2020-04-04 11:06:16.975274	4.56	7.88	11.39	5.51	62.09	1025.36
2020-04-04 10:51:37.539395	4	7	8	17.73	22.8	997.46	21.0	28.3	2020-04-04 10:51:26.598089	4.46	7.75	11.2	5.71	61.05	1025.44
2020-04-04 11:30:30.299531	3	5	5	16.74	24.09	997.61	21.0	28.3	2020-04-04 10:51:26.598089	4.46	7.75	11.2	5.71	61.05	1025.44
2020-04-04 11:40:32.305240	5	7	7	16.24	21.69	997.58	20.1	28.1	2020-04-04 11:40:17.708510	4.19	7.26	10.44	6.09	58.91	1025.57
2020-04-04 11:50:33.562186	4	5	5	15.81	23.24	997.58	19.4	28.0	2020-04-04 11:40:17.708510	4.19	7.26	10.44	6.09	58.91	1025.57
2020-04-04 12:00:34.843772	4	5	5	15.76	23.79	997.66	18.8	28.1	2020-04-04 11:40:17.708510	4.19	7.26	10.44	6.09	58.91	1025.57
2020-04-04 12:10:36.182724	7	9	10	15.24	26.13	997.7	18.7	28.6	2020-04-04 11:40:17.708510	4.19	7.26	10.44	6.09	58.91	1025.57
2020-04-04 12:20:41.373282	4	6	6	15.8	22.15	997.63	18.8	29.0	2020-04-04 12:20:18.506765	4.25	7.11	10.03	6.72	54.96	1025.77
2020-04-04 12:30:42.753211	5	6	8	15.29	24.78	997.78	18.7	29.1	2020-04-04 12:20:18.506765	4.25	7.11	10.03	6.72	54.96	1025.77
2020-04-04 12:40:43.988370	9	15	20	14.77	24.35	997.83	18.2	29.1	2020-04-04 12:40:18.858355	4.43	7.23	10.16	6.98	53.6	1025.81
2020-04-04 12:50:45.805163	4	6	6	15.16	23.75	997.83	17.8	29.1	2020-04-04 12:40:18.858355	4.43	7.23	10.16	6.98	53.6	1025.81
2020-04-04 13:00:47.570935	5	6	6	14.88	24.16	997.88	18.1	29.3	2020-04-04 13:00:19.312422	4.5	7.28	10.22	7.26	52.38	1025.84
2020-04-04 13:10:48.518239	4	5	5	15.61	22.59	997.7	18.5	29.2	2020-04-04 13:00:19.312422	4.5	7.28	10.22	7.26	52.38	1025.84
2020-04-04 13:20:49.874833	4	5	5	15.23	23.14	997.93	17.7	29.1	2020-04-04 13:20:19.765185	4.41	6.99	9.95	7.51	51.12	1025.9
2020-04-04 13:30:50.784912	5	8	8	14.78	23.31	998.0	17.1	29.1	2020-04-04 13:20:19.765185	4.41	6.99	9.95	7.51	51.12	1025.9
2020-04-04 13:40:53.046078	6	8	9	14.94	23.92	998.02	17.8	29.2	2020-04-04 13:40:20.195214	4.61	7.29	10.29	7.68	50.03	1025.97
2020-04-04 13:50:54.823815	8	10	10	15.62	23.57	998.09	18.0	29.5	2020-04-04 13:40:20.195214	4.61	7.29	10.29	7.68	50.03	1025.97
2020-04-04 14:00:56.387995	5	8	9	15.5	23.34	998.12	18.3	29.4	2020-04-04 14:00:20.748365	5.11	7.97	11.2	7.88	49.04	1026.05
2020-04-04 14:10:57.892202	6	8	8	15.01	23.47	998.19	17.4	29.3	2020-04-04 14:00:20.748365	5.11	7.97	11.2	7.88	49.04	1026.05
2020-04-04 14:20:59.201910	8	11	11	14.1	24.86	998.22	17.2	29.3	2020-04-04 14:20:21.179034	5.63	8.62	11.87	8.08	47.96	1026.13
2020-04-04 14:31:00.701322	7	8	8	14.66	24.52	998.22	16.9	29.7	2020-04-04 14:20:21.179034	5.63	8.62	11.87	8.08	47.96	1026.13
2020-04-04 14:41:01.643260	8	10	11	15.23	24.11	998.22	17.5	30.3	2020-04-04 14:40:21.907493	6.14	9.19	12.59	8.28	46.8	1026.2
2020-04-04 14:51:03.047652	7	9	9	15.3	22.93	998.17	17.9	30.2	2020-04-04 14:40:21.907493	6.14	9.19	12.59	8.28	46.8	1026.2
2020-04-04 15:01:04.805626	6	8	8	15.73	23.1	998.26	17.9	29.8	2020-04-04 15:00:22.429419	6.58	9.8	13.35	8.44	45.58	1026.26
2020-04-04 15:11:06.124786	6	7	9	16.28	23.67	998.27	18.5	29.5	2020-04-04 15:00:22.429419	6.58	9.8	13.35	8.44	45.58	1026.26
2020-04-04 15:21:07.194421	6	8	8	17.11	21.86	998.29	19.6	29.4	2020-04-04 15:20:22.857188	6.51	9.74	13.3	8.62	44.78	1026.32
2020-04-04 15:31:08.112971	5	6	7	23.58	14.11	998.19	20.2	28.8	2020-04-04 15:20:22.857188	6.51	9.74	13.3	8.62	44.78	1026.32
2020-04-04 15:41:09.389116	5	7	7	23.75	14.6	998.16	20.9	27.9	2020-04-04 15:40:23.218118	6.02	8.97	12.22	8.76	44.28	1026.37
2020-04-04 15:51:10.554863	4	4	6	20.7	16.88	998.24	22.2	27.3	2020-04-04 15:40:23.218118	6.02	8.97	12.22	8.76	44.28	1026.37
2020-04-04 16:01:11.707078	5	9	10	18.53	19.62	998.31	21.7	26.6	2020-04-04 16:00:23.580279	5.49	8.25	11.24	8.89	43.77	1026.42
2020-04-04 16:11:15.693007	4	4	6	24.12	14.88	998.22	21.7	26.1	2020-04-04 16:00:23.580279	5.49	8.25	11.24	8.89	43.77	1026.42
2020-04-04 16:21:16.408533	22	36	42	22.28	15.34	998.27	22.4	25.9	2020-04-04 16:20:24.020149	5.46	8.33	11.3	9.0	43.63	1026.47
2020-04-04 16:31:17.146251	5	7	7	22.51	15.38	998.31	23.1	25.9	2020-04-04 16:20:24.020149	5.46	8.33	11.3	9.0	43.63	1026.47
2020-04-04 16:41:18.248550	6	8	8	23.21	15.54	998.44	23.6	25.8	2020-04-04 16:40:24.461404	5.74	8.94	12.11	9.09	43.95	1026.52
2020-04-04 16:51:19.035781	8	10	11	19.45	19.1	998.68	23.3	25.5	2020-04-04 16:40:24.461404	5.74	8.94	12.11	9.09	43.95	1026.52
2020-04-04 17:01:20.244965	6	8	9	17.39	21.01	998.7	22.1	25.2	2020-04-04 17:00:25.002093	5.9	9.12	12.58	9.17	44.24	1026.63
2020-04-04 17:11:21.313042	5	8	8	16.6	22.03	998.67	21.1	25.1	2020-04-04 17:00:25.002093	5.9	9.12	12.58	9.17	44.24	1026.63
2020-04-04 17:21:25.421388	7	11	12	16.29	22.3	998.74	20.5	25.4	2020-04-04 17:20:25.406139	6.08	9.34	12.85	9.13	44.68	1026.74
2020-04-04 17:31:26.513957	6	7	8	16.0	22.17	998.79	19.8	26.0	2020-04-04 17:20:25.406139	6.08	9.34	12.85	9.13	44.68	1026.74
2020-04-04 17:41:28.063617	7	9	9	15.22	24.08	998.82	19.3	26.6	2020-04-04 17:40:25.853895	6.25	9.5	13.2	9.04	45.3	1026.83
2020-04-04 17:51:30.302105	6	7	9	14.98	23.99	998.86	18.9	27.1	2020-04-04 17:40:25.853895	6.25	9.5	13.2	9.04	45.3	1026.83
2020-04-04 18:01:30.992069	8	10	13	14.61	24.59	998.95	18.9	27.6	2020-04-04 18:00:26.313331	6.48	9.86	13.47	8.96	45.85	1026.87
2020-04-04 18:11:33.172885	7	10	10	14.41	25.25	999.07	19.0	28.0	2020-04-04 18:00:26.313331	6.48	9.86	13.47	8.96	45.85	1026.87
2020-04-04 18:21:34.036981	6	9	11	14.12	26.02	999.23	18.6	28.2	2020-04-04 18:20:27.393643	6.54	10.12	13.83	8.81	46.54	1026.98
2020-04-04 18:31:35.835800	11	13	13	13.78	26.84	999.35	18.5	28.5	2020-04-04 18:20:27.393643	6.54	10.12	13.83	8.81	46.54	1026.98
2020-04-04 18:41:37.292751	7	11	14	13.76	26.99	999.31	18.3	28.8	2020-04-04 18:40:27.764459	6.49	10.23	14.01	8.56	47.38	1027.13
2020-04-04 18:51:38.671980	9	12	13	13.43	28.31	999.42	18.2	29.1	2020-04-04 18:40:27.764459	6.49	10.23	14.01	8.56	47.38	1027.13
2020-04-04 19:01:42.277444	7	10	10	13.3	27.37	999.46	18.1	29.2	2020-04-04 19:00:28.135429	7.13	11.59	15.93	8.25	48.51	1027.32
2020-04-04 19:11:45.927836	9	14	14	13.18	27.27	999.51	18.0	29.4	2020-04-04 19:00:28.135429	7.13	11.59	15.93	8.25	48.51	1027.32
2020-04-04 19:21:53.079918	10	17	20	12.94	27.88	999.59	17.9	29.5	2020-04-04 19:20:28.488751	7.6	12.33	16.97	8.02	49.56	1027.43
2020-04-04 19:31:56.630314	13	15	16	12.77	29.58	999.75	17.7	29.6	2020-04-04 19:20:28.488751	7.6	12.33	16.97	8.02	49.56	1027.43
2020-04-04 19:41:57.477138	13	19	21	12.57	28.74	999.98	17.5	29.7	2020-04-04 19:40:28.798300	8.47	13.85	18.93	7.62	51.45	1027.57
2020-04-04 19:51:59.819132	11	18	18	12.31	30.01	1000.16	17.4	29.8	2020-04-04 19:40:28.798300	8.47	13.85	18.93	7.62	51.45	1027.57
2020-04-04 20:02:01.429572	19	25	29	11.97	29.76	1000.35	17.2	30.0	2020-04-04 20:00:29.254390	11.97	19.97	27.6	7.21	53.34	1027.76
2020-04-04 20:12:05.763232	15	24	26	11.93	30.34	1000.5	17.0	30.2	2020-04-04 20:00:29.254390	11.97	19.97	27.6	7.21	53.34	1027.76
2020-04-04 20:22:06.596160	17	21	22	11.73	30.42	1000.66	16.8	30.4	2020-04-04 20:20:29.649938	13.29	22.19	30.61	6.79	55.14	1028.01
2020-04-04 20:32:10.693096	21	29	36	11.56	31.11	1000.85	16.7	30.7	2020-04-04 20:20:29.649938	13.29	22.19	30.61	6.79	55.14	1028.01
2020-04-04 20:42:14.994856	23	33	37	11.42	30.77	1000.95	16.5	31.0	2020-04-04 20:40:30.201938	15.0	25.06	35.0	6.42	56.85	1028.3
2020-04-04 20:52:15.771258	21	31	33	11.38	30.51	1001.04	16.4	31.2	2020-04-04 20:40:30.201938	15.0	25.06	35.0	6.42	56.85	1028.3
2020-04-04 21:02:17.937887	22	30	34	11.13	30.93	1001.16	16.3	31.3	2020-04-04 21:00:30.625326	14.4	23.69	33.87	6.07	58.53	1028.59
2020-04-04 21:12:22.000743	23	32	34	11.03	30.87	1001.25	16.1	31.4	2020-04-04 21:00:30.625326	14.4	23.69	33.87	6.07	58.53	1028.59
2020-04-04 21:22:26.373000	21	32	35	10.88	32.59	1001.23	16.0	31.6	2020-04-04 21:20:30.987584	15.92	26.29	39.1	5.74	60.17	1028.83
2020-04-04 21:32:30.478045	23	34	38	10.66	32.28	1001.37	15.8	31.7	2020-04-04 21:20:30.987584	15.92	26.29	39.1	5.74	60.17	1028.83
2020-04-04 21:42:32.711605	22	31	37	10.54	31.48	1001.44	15.7	31.8	2020-04-04 21:40:31.497737	17.42	28.71	43.75	5.44	61.7	1028.99
2020-04-04 21:52:33.836598	20	32	36	10.35	31.98	1001.5	15.5	31.9	2020-04-04 21:40:31.497737	17.42	28.71	43.75	5.44	61.7	1028.99
2020-04-04 22:02:34.802701	24	35	45	10.28	32.36	1001.45	15.4	32.1	2020-04-04 22:00:31.982268	18.25	30.03	46.22	5.11	63.21	1029.12
2020-04-04 22:12:36.528539	29	45	53	10.04	33.37	1001.65	15.2	32.2	2020-04-04 22:00:31.982268	18.25	30.03	46.22	5.11	63.21	1029.12
2020-04-04 22:22:38.730795	30	46	58	9.78	33.9	1001.74	15.1	32.5	2020-04-04 22:20:32.505646	19.03	31.1	47.93	4.76	64.22	1029.25
2020-04-04 22:32:42.779434	29	45	56	9.57	34.15	1001.84	14.9	32.7	2020-04-04 22:20:32.505646	19.03	31.1	47.93	4.76	64.22	1029.25
2020-04-04 22:42:45.070014	31	45	52	9.41	34.35	1001.97	14.7	33.1	2020-04-04 22:40:32.928996	19.42	31.57	48.64	4.52	64.26	1029.44
2020-04-04 22:52:50.461397	29	45	54	9.18	36.86	1002.1	14.5	33.4	2020-04-04 22:40:32.928996	19.42	31.57	48.64	4.52	64.26	1029.44
2020-04-04 23:02:52.187600	31	49	59	9.07	35.46	1002.26	14.2	33.8	2020-04-04 23:00:33.376391	19.84	32.07	49.74	4.12	64.99	1029.67
2020-04-04 23:12:53.628697	33	49	61	8.79	36.06	1002.33	14.1	34.2	2020-04-04 23:00:33.376391	19.84	32.07	49.74	4.12	64.99	1029.67
2020-04-04 23:22:55.720302	32	47	60	8.73	36.55	1002.43	14.0	34.6	2020-04-04 23:20:33.722107	20.51	33.19	51.62	3.75	65.83	1029.94
2020-04-04 23:32:59.892548	30	46	57	8.61	36.8	1002.43	13.8	34.8	2020-04-04 23:20:33.722107	20.51	33.19	51.62	3.75	65.83	1029.94
2020-04-04 23:43:01.514451	32	44	53	8.54	37.06	1002.66	13.8	35.0	2020-04-04 23:40:34.150845	21.45	34.86	54.63	3.46	66.51	1030.18
2020-04-04 23:53:05.761767	32	47	58	8.45	36.93	1002.74	13.6	35.2	2020-04-04 23:40:34.150845	21.45	34.86	54.63	3.46	66.51	1030.18
2020-04-05 00:03:09.658482	31	48	61	8.23	37.17	1002.85	13.5	35.4	2020-04-05 00:00:34.482035	22.25	36.32	57.22	3.37	66.53	1030.42
2020-04-05 00:13:10.831876	31	49	65	8.11	37.54	1002.94	13.4	35.6	2020-04-05 00:00:34.482035	22.25	36.32	57.22	3.37	66.53	1030.42
2020-04-05 00:23:11.714897	32	49	60	8.06	38.59	1003.01	13.2	35.8	2020-04-05 00:20:34.789682	22.43	36.54	57.78	3.32	66.53	1030.62
2020-04-05 00:33:13.999157	32	49	59	7.91	38.86	1003.14	13.1	36.2	2020-04-05 00:20:34.789682	22.43	36.54	57.78	3.32	66.53	1030.62
2020-04-05 00:43:15.412022	30	46	55	7.92	38.33	1003.21	13.0	36.5	2020-04-05 00:40:35.148866	21.92	35.65	56.1	2.99	67.77	1030.81
2020-04-05 00:53:19.148869	29	40	51	7.93	38.17	1003.36	13.0	36.9	2020-04-05 00:40:35.148866	21.92	35.65	56.1	2.99	67.77	1030.81
2020-04-05 01:03:20.579968	28	44	56	7.71	37.67	1003.39	12.9	37.0	2020-04-05 01:00:35.665383	21.38	34.65	54.21	2.65	68.93	1031.0
2020-04-05 01:13:22.479798	28	45	54	7.64	37.77	1003.54	12.8	36.9	2020-04-05 01:00:35.665383	21.38	34.65	54.21	2.65	68.93	1031.0
2020-04-05 01:23:23.920551	29	46	57	7.53	38.09	1003.54	12.7	36.8	2020-04-05 01:20:36.090070	21.45	34.91	54.51	2.27	70.23	1031.2
2020-04-05 01:33:27.577469	29	43	52	7.46	38.38	1003.58	12.7	36.7	2020-04-05 01:20:36.090070	21.45	34.91	54.51	2.27	70.23	1031.2
2020-04-05 01:43:31.753315	26	41	48	7.46	37.81	1003.57	12.6	36.7	2020-04-05 01:40:36.465139	21.39	35.02	54.8	2.06	70.6	1031.39
2020-04-05 01:53:33.477697	25	40	47	7.4	37.33	1003.67	12.5	36.7	2020-04-05 01:40:36.465139	21.39	35.02	54.8	2.06	70.6	1031.39
2020-04-05 02:03:35.898291	26	40	51	7.22	38.19	1003.7	12.5	36.8	2020-04-05 02:00:36.913403	20.95	34.67	54.22	1.82	70.97	1031.51
2020-04-05 02:13:41.310810	25	37	47	7.14	37.84	1003.82	12.4	36.8	2020-04-05 02:00:36.913403	20.95	34.67	54.22	1.82	70.97	1031.51
2020-04-05 02:23:43.087861	24	38	44	7.04	37.83	1003.86	12.2	36.8	2020-04-05 02:20:37.379292	21.06	35.15	55.24	1.63	71.25	1031.63
2020-04-05 02:33:45.287416	23	38	44	6.89	37.95	1003.87	12.1	36.8	2020-04-05 02:20:37.379292	21.06	35.15	55.24	1.63	71.25	1031.63
2020-04-05 02:43:46.244732	23	37	46	6.86	38.61	1003.92	12.1	36.8	2020-04-05 02:40:37.828204	21.71	36.35	57.4	1.44	71.79	1031.72
2020-04-05 02:53:48.136948	21	32	35	6.88	38.33	1003.9	12.0	37.0	2020-04-05 02:40:37.828204	21.71	36.35	57.4	1.44	71.79	1031.72
2020-04-05 03:03:49.026145	21	35	43	6.84	39.15	1003.87	12.0	37.3	2020-04-05 03:00:38.157799	22.35	37.59	59.75	1.29	72.45	1031.81
2020-04-05 03:13:51.113246	22	36	41	6.85	38.48	1003.96	12.0	37.6	2020-04-05 03:00:38.157799	22.35	37.59	59.75	1.29	72.45	1031.81
2020-04-05 03:23:52.834451	21	37	42	6.79	39.25	1004.08	12.0	37.7	2020-04-05 03:20:38.642673	22.63	38.18	59.9	1.14	73.19	1031.89
2020-04-05 03:33:56.602528	20	30	33	6.73	38.53	1004.12	11.9	37.7	2020-04-05 03:20:38.642673	22.63	38.18	59.9	1.14	73.19	1031.89
2020-04-05 03:43:57.410416	21	31	31	6.63	38.83	1004.01	11.8	37.6	2020-04-05 03:40:38.952304	21.23	35.9	55.83	1.03	73.86	1031.92
2020-04-05 03:53:59.749505	22	31	36	6.42	39.09	1004.08	11.8	37.5	2020-04-05 03:40:38.952304	21.23	35.9	55.83	1.03	73.86	1031.92
2020-04-05 04:04:03.056838	19	28	28	6.44	38.51	1004.09	11.6	37.6	2020-04-05 04:00:39.431974	19.51	32.93	50.6	0.88	74.7	1031.94
2020-04-05 04:14:05.261421	20	29	31	6.21	39.24	1004.27	11.5	37.7	2020-04-05 04:00:39.431974	19.51	32.93	50.6	0.88	74.7	1031.94
2020-04-05 04:24:06.593179	24	36	44	6.03	39.25	1004.18	11.3	37.7	2020-04-05 04:20:39.992868	17.59	29.62	45.61	0.71	75.59	1031.98
2020-04-05 04:34:08.253421	17	25	27	6.16	39.1	1004.35	11.3	37.7	2020-04-05 04:20:39.992868	17.59	29.62	45.61	0.71	75.59	1031.98
2020-04-05 04:44:15.413349	19	25	30	6.2	38.86	1004.54	11.3	37.9	2020-04-05 04:40:40.469600	17.74	29.75	45.78	0.53	76.34	1032.03
2020-04-05 04:54:16.226608	18	25	26	6.15	38.88	1004.51	11.3	38.1	2020-04-05 04:40:40.469600	17.74	29.75	45.78	0.53	76.34	1032.03
2020-04-05 05:04:17.517768	14	20	21	6.22	39.38	1004.57	11.4	38.2	2020-04-05 05:00:40.872456	18.01	30.16	46.45	0.35	77.02	1032.17
2020-04-05 05:14:19.340956	17	23	23	6.27	39.31	1004.61	11.4	38.2	2020-04-05 05:00:40.872456	18.01	30.16	46.45	0.35	77.02	1032.17
2020-04-05 05:24:20.564038	14	21	22	6.4	37.7	1004.61	11.3	38.1	2020-04-05 05:20:41.185937	17.79	29.57	45.54	0.2	77.73	1032.3
2020-04-05 05:34:28.170618	16	21	22	6.4	37.55	1004.74	11.1	38.0	2020-04-05 05:20:41.185937	17.79	29.57	45.54	0.2	77.73	1032.3
2020-04-05 05:44:32.420219	14	19	22	6.41	37.14	1004.74	11.1	37.9	2020-04-05 05:40:41.592220	17.25	28.7	44.14	0.13	78.2	1032.42
2020-04-05 05:54:34.560441	14	20	20	6.51	36.65	1004.7	10.8	37.9	2020-04-05 05:40:41.592220	17.25	28.7	44.14	0.13	78.2	1032.42
2020-04-05 06:04:35.441213	17	25	28	6.16	37.48	1004.89	10.7	38.2	2020-04-05 06:00:42.045588	16.35	27.21	41.26	0.08	78.56	1032.5
2020-04-05 06:14:37.500595	15	20	21	6.12	37.87	1005.03	10.7	38.4	2020-04-05 06:00:42.045588	16.35	27.21	41.26	0.08	78.56	1032.5
2020-04-05 06:24:39.094610	14	21	27	6.36	37.4	1005.07	10.6	38.5	2020-04-05 06:20:42.599112	16.28	27.26	41.32	0.01	78.87	1032.64
2020-04-05 06:34:41.105290	16	22	25	6.46	37.37	1005.12	10.6	38.7	2020-04-05 06:20:42.599112	16.28	27.26	41.32	0.01	78.87	1032.64
2020-04-05 06:44:43.021628	12	18	18	6.52	37.47	1005.21	10.7	39.1	2020-04-05 06:40:43.062128	15.78	26.42	39.7	0.08	79.11	1032.79
2020-04-05 06:54:45.457281	17	22	26	6.5	38.42	1005.4	11.0	39.3	2020-04-05 06:40:43.062128	15.78	26.42	39.7	0.08	79.11	1032.79
2020-04-05 07:04:49.657604	15	17	20	6.94	37.82	1005.51	11.0	39.5	2020-04-05 07:00:43.525435	15.28	25.56	37.91	0.26	79.47	1032.97
2020-04-05 07:14:51.356925	13	21	22	7.08	38.18	1005.59	11.0	39.8	2020-04-05 07:00:43.525435	15.28	25.56	37.91	0.26	79.47	1032.97
2020-04-05 07:24:52.521965	14	20	25	7.21	37.15	1005.68	11.6	40.0	2020-04-05 07:20:43.946090	13.76	22.87	32.9	0.57	80.08	1033.15
2020-04-05 07:34:53.653993	16	24	26	7.5	37.35	1005.95	11.9	39.7	2020-04-05 07:20:43.946090	13.76	22.87	32.9	0.57	80.08	1033.15
2020-04-05 07:44:55.183179	13	18	18	8.06	35.11	1005.98	12.2	38.7	2020-04-05 07:40:44.402054	13.16	21.54	30.16	0.97	80.01	1033.34
2020-04-05 07:54:56.547441	16	26	28	8.28	35.25	1005.98	12.5	38.2	2020-04-05 07:40:44.402054	13.16	21.54	30.16	0.97	80.01	1033.34
2020-04-05 08:04:58.345646	14	21	25	8.57	34.48	1006.1	12.8	37.8	2020-04-05 08:00:44.839475	12.18	19.92	27.68	1.32	79.41	1033.58
2020-04-05 08:14:59.362729	12	18	18	9.0	35.35	1006.18	13.2	37.6	2020-04-05 08:00:44.839475	12.18	19.92	27.68	1.32	79.41	1033.58
2020-04-05 08:25:01.066975	10	14	14	9.55	33.35	1006.31	13.7	37.4	2020-04-05 08:20:45.253314	11.17	18.32	25.39	1.51	78.54	1033.84
2020-04-05 08:35:03.205263	11	14	18	10.09	32.0	1006.38	14.1	36.9	2020-04-05 08:20:45.253314	11.17	18.32	25.39	1.51	78.54	1033.84
2020-04-05 08:45:04.617758	9	11	13	10.29	31.07	1006.45	14.4	35.9	2020-04-05 08:40:46.586326	9.54	16.0	22.18	2.02	75.01	1034.11
2020-04-05 08:55:05.932767	10	16	19	10.78	30.61	1006.59	14.7	35.3	2020-04-05 08:40:46.586326	9.54	16.0	22.18	2.02	75.01	1034.11
2020-04-05 09:05:09.816204	8	10	10	11.21	29.17	1006.62	15.2	34.8	2020-04-05 09:00:46.950712	8.5	14.21	19.87	2.52	71.94	1034.35
2020-04-05 09:15:11.731251	9	12	12	11.6	28.49	1006.64	15.5	34.3	2020-04-05 09:00:46.950712	8.5	14.21	19.87	2.52	71.94	1034.35
2020-04-05 09:25:15.602742	8	14	15	11.83	27.78	1006.76	15.9	33.0	2020-04-05 09:20:47.395196	8.44	14.28	19.78	3.08	68.98	1034.54
2020-04-05 09:35:17.919274	9	11	13	12.26	27.11	1006.74	15.9	32.9	2020-04-05 09:20:47.395196	8.44	14.28	19.78	3.08	68.98	1034.54
2020-04-05 09:45:18.888600	8	10	12	12.65	25.74	1006.68	16.3	31.9	2020-04-05 09:40:47.845672	8.21	13.94	19.18	3.89	65.83	1034.68
2020-04-05 09:55:20.627481	13	18	21	12.99	24.8	1006.74	16.6	31.3	2020-04-05 09:40:47.845672	8.21	13.94	19.18	3.89	65.83	1034.68
2020-04-05 10:05:24.803712	13	19	20	13.25	25.1	1006.67	16.9	30.5	2020-04-05 10:00:48.270524	8.44	14.37	19.56	4.71	62.43	1034.75
2020-04-05 10:15:28.599506	10	12	15	17.08	20.86	1006.48	18.6	28.8	2020-04-05 10:00:48.270524	8.44	14.37	19.56	4.71	62.43	1034.75
2020-04-05 10:25:32.586992	8	10	11	17.87	18.43	1006.48	20.9	27.6	2020-04-05 10:20:48.746587	7.95	13.47	18.31	5.54	58.95	1034.75
2020-04-05 10:35:33.412637	7	8	9	19.07	17.98	1006.34	21.7	26.2	2020-04-05 10:20:48.746587	7.95	13.47	18.31	5.54	58.95	1034.75
2020-04-05 10:45:34.829469	7	11	11	18.74	17.33	1006.51	22.2	25.5	2020-04-05 10:40:49.184068	6.98	11.75	16.12	6.37	55.68	1034.7
2020-04-05 10:55:36.479714	5	9	10	19.35	16.83	1006.41	22.8	24.9	2020-04-05 10:40:49.184068	6.98	11.75	16.12	6.37	55.68	1034.7
2020-04-05 11:05:38.616126	10	14	14	19.54	16.42	1006.53	23.5	24.2	2020-04-05 11:00:49.726761	5.87	9.92	13.71	7.12	52.83	1034.66
2020-04-05 11:15:39.387027	2	4	6	19.76	16.18	1006.54	23.9	23.5	2020-04-05 11:00:49.726761	5.87	9.92	13.71	7.12	52.83	1034.66
2020-04-05 11:25:43.261446	23	29	29	20.59	16.59	1006.62	24.4	22.9	2020-04-05 11:20:50.230226	4.57	7.73	10.81	7.8	50.14	1034.63
2020-04-05 11:35:44.713292	10	14	15	20.51	14.6	1006.42	24.5	22.4	2020-04-05 11:20:50.230226	4.57	7.73	10.81	7.8	50.14	1034.63
2020-04-05 11:45:46.867552	5	8	10	19.47	15.59	1006.33	24.5	21.9	2020-04-05 11:40:50.814034	4.21	7.1	9.87	8.04	49.13	1034.62
2020-04-05 11:55:53.415670	6	7	7	18.84	15.72	1006.27	24.5	21.1	2020-04-05 11:40:50.814034	4.21	7.1	9.87	8.04	49.13	1034.62
2020-04-05 12:05:54.495116	5	9	9	19.6	15.76	1006.17	24.4	21.0	2020-04-05 12:00:51.165977	4.12	6.77	9.4	8.1	48.82	1034.56
2020-04-05 12:15:55.963898	6	7	7	18.4	17.4	1006.1	24.3	21.0	2020-04-05 12:00:51.165977	4.12	6.77	9.4	8.1	48.82	1034.56
2020-04-05 12:25:56.735949	5	7	7	17.42	17.9	1005.94	23.8	21.2	2020-04-05 12:20:51.707546	4.3	6.84	9.44	8.1	48.5	1034.44
2020-04-05 12:35:57.892301	5	6	6	17.31	18.18	1005.87	23.3	21.3	2020-04-05 12:20:51.707546	4.3	6.84	9.44	8.1	48.5	1034.44
2020-04-05 12:46:02.130268	8	9	10	18.92	16.92	1005.82	23.0	21.6	2020-04-05 12:40:52.226194	4.39	6.99	9.73	8.75	45.89	1034.24
2020-04-05 12:56:03.578954	5	7	8	24.32	11.6	1005.77	26.1	21.7	2020-04-05 12:40:52.226194	4.39	6.99	9.73	8.75	45.89	1034.24
2020-04-05 13:06:05.184757	7	9	12	28.58	8.39	1005.58	30.4	17.9	2020-04-05 13:00:52.713756	4.48	7.15	9.84	9.35	43.26	1034.07
2020-04-05 13:16:09.159801	8	10	10	30.69	6.64	1005.53	34.1	15.6	2020-04-05 13:00:52.713756	4.48	7.15	9.84	9.35	43.26	1034.07
2020-04-05 13:26:11.231858	5	7	8	32.48	6.02	1005.49	36.6	13.1	2020-04-05 13:20:53.322997	4.48	7.29	10.13	9.99	40.67	1033.94
2020-04-05 13:36:13.108416	10	12	12	34.78	7.77	1005.41	38.4	12.1	2020-04-05 13:20:53.322997	4.48	7.29	10.13	9.99	40.67	1033.94
2020-04-05 13:46:17.002821	9	10	10	35.02	4.56	1005.36	39.5	11.0	2020-04-05 13:40:53.748404	5.0	8.11	11.13	10.14	39.66	1033.85
2020-04-05 13:56:21.224134	6	8	8	36.56	4.48	1005.48	40.7	8.9	2020-04-05 13:40:53.748404	5.0	8.11	11.13	10.14	39.66	1033.85
2020-04-05 14:06:23.031572	6	11	11	36.26	4.05	1005.32	42.0	8.2	2020-04-05 14:00:54.206460	5.51	8.9	12.37	10.33	38.68	1033.8
2020-04-05 14:16:23.997117	7	8	8	35.37	5.34	1005.34	42.9	7.6	2020-04-05 14:00:54.206460	5.51	8.9	12.37	10.33	38.68	1033.8
2020-04-05 14:26:31.036415	8	10	10	38.68	2.33	1005.24	43.3	7.0	2020-04-05 14:20:54.671806	6.25	10.03	13.71	10.54	37.79	1033.72
2020-04-05 14:36:31.980271	9	14	14	37.47	2.99	1005.15	43.9	6.2	2020-04-05 14:20:54.671806	6.25	10.03	13.71	10.54	37.79	1033.72
2020-04-05 14:46:34.223331	9	12	12	40.77	1.41	1005.12	44.2	5.6	2020-04-05 14:40:55.240877	6.78	10.86	14.86	10.59	37.71	1033.63
2020-04-05 14:56:35.605393	9	14	18	40.81	1.41	1005.11	45.1	5.1	2020-04-05 14:40:55.240877	6.78	10.86	14.86	10.59	37.71	1033.63
2020-04-05 15:06:37.633900	11	15	15	36.6	3.88	1004.99	43.3	4.8	2020-04-05 15:00:56.096874	7.63	12.4	16.82	10.64	37.67	1033.5
2020-04-05 15:16:39.090719	12	17	19	34.96	4.05	1004.79	39.9	5.1	2020-04-05 15:00:56.096874	7.63	12.4	16.82	10.64	37.67	1033.5
2020-04-05 15:26:40.696942	10	13	13	34.87	3.86	1004.73	39.1	6.2	2020-04-05 15:20:56.583220	8.65	14.23	19.48	10.73	37.31	1033.35
2020-04-05 15:36:42.508714	10	12	14	36.73	2.83	1004.74	39.0	6.8	2020-04-05 15:20:56.583220	8.65	14.23	19.48	10.73	37.31	1033.35
2020-04-05 15:46:43.983825	8	11	11	36.12	3.1	1004.54	39.0	7.0	2020-04-05 15:40:57.050016	9.1	15.1	20.56	11.1	36.14	1033.15
2020-04-05 15:56:45.815042	8	10	10	36.97	2.67	1004.47	38.7	7.0	2020-04-05 15:40:57.050016	9.1	15.1	20.56	11.1	36.14	1033.15
2020-04-05 16:06:47.570030	7	9	9	37.51	2.26	1004.43	38.8	7.0	2020-04-05 16:00:57.593703	8.64	14.26	19.5	11.48	34.82	1032.95
2020-04-05 16:16:51.738534	10	15	15	35.14	3.39	1004.56	38.2	7.1	2020-04-05 16:00:57.593703	8.64	14.26	19.5	11.48	34.82	1032.95
2020-04-05 16:26:52.955587	9	11	14	35.13	3.32	1004.35	37.6	7.2	2020-04-05 16:20:58.048026	7.75	12.57	17.27	11.78	33.78	1032.78
2020-04-05 16:36:53.682804	6	8	8	27.64	7.92	1004.33	35.7	7.5	2020-04-05 16:20:58.048026	7.75	12.57	17.27	11.78	33.78	1032.78
2020-04-05 16:46:55.261294	7	8	10	24.9	9.23	1004.35	32.7	8.3	2020-04-05 16:40:58.539237	7.22	11.59	15.95	11.86	33.57	1032.66
2020-04-05 16:56:57.110118	7	10	11	22.81	11.08	1004.17	30.1	10.0	2020-04-05 16:40:58.539237	7.22	11.59	15.95	11.86	33.57	1032.66
2020-04-05 17:06:57.813063	9	11	13	21.1	12.42	1004.17	27.7	11.8	2020-04-05 17:00:59.004937	6.92	11.08	15.16	11.9	33.5	1032.53
2020-04-05 17:16:58.631052	8	11	11	21.29	12.19	1004.11	26.3	13.3	2020-04-05 17:00:59.004937	6.92	11.08	15.16	11.9	33.5	1032.53
2020-04-05 17:27:05.765866	6	9	9	19.96	13.52	1004.06	25.3	14.5	2020-04-05 17:20:59.459264	6.6	10.76	14.57	11.94	33.44	1032.38
2020-04-05 17:37:06.713589	7	11	11	19.37	14.29	1004.03	24.7	15.6	2020-04-05 17:20:59.459264	6.6	10.76	14.57	11.94	33.44	1032.38
2020-04-05 17:47:09.067723	8	11	12	19.79	13.64	1004.08	24.2	16.5	2020-04-05 17:40:59.913453	6.08	10.0	13.68	11.78	33.82	1032.22
2020-04-05 17:57:10.610892	7	9	11	19.6	13.97	1004.14	24.1	17.1	2020-04-05 17:40:59.913453	6.08	10.0	13.68	11.78	33.82	1032.22
2020-04-05 18:07:12.031252	6	8	8	19.33	14.28	1004.12	23.9	17.3	2020-04-05 18:01:00.402343	5.69	9.4	12.96	11.66	34.22	1032.1
2020-04-05 18:17:13.496999	6	10	10	18.92	14.18	1004.21	23.5	17.5	2020-04-05 18:01:00.402343	5.69	9.4	12.96	11.66	34.22	1032.1
2020-04-05 18:27:14.701665	8	10	10	18.74	14.46	1004.18	23.1	17.7	2020-04-05 18:21:01.030698	5.35	8.7	12.05	11.51	34.55	1032.06
2020-04-05 18:37:15.817017	7	10	11	18.31	14.86	1004.24	22.8	17.8	2020-04-05 18:21:01.030698	5.35	8.7	12.05	11.51	34.55	1032.06
2020-04-05 18:47:17.496220	7	9	10	18.03	15.05	1004.36	22.4	18.0	2020-04-05 18:41:01.509765	5.21	8.31	11.46	11.04	36.1	1032.08
2020-04-05 18:57:19.667651	8	10	12	17.82	15.26	1004.28	22.2	18.2	2020-04-05 18:41:01.509765	5.21	8.31	11.46	11.04	36.1	1032.08
2020-04-05 19:07:20.789982	10	15	15	17.38	16.08	1004.16	22.0	18.4	2020-04-05 19:01:02.069169	5.33	8.55	11.88	10.56	37.4	1032.14
2020-04-05 19:17:22.573735	10	16	18	16.86	16.93	1004.2	21.8	18.7	2020-04-05 19:01:02.069169	5.33	8.55	11.88	10.56	37.4	1032.14
2020-04-05 19:27:23.789378	14	19	19	16.69	17.49	1004.29	21.5	19.1	2020-04-05 19:21:02.591065	5.97	9.76	13.55	9.97	39.06	1032.18
2020-04-05 19:37:27.533603	20	29	34	16.47	17.63	1004.32	21.2	19.5	2020-04-05 19:21:02.591065	5.97	9.76	13.55	9.97	39.06	1032.18
2020-04-05 19:47:34.499353	13	20	22	16.17	18.19	1004.37	20.9	19.9	2020-04-05 19:41:03.098845	7.58	12.81	17.66	9.59	39.98	1032.22
2020-04-05 19:57:38.814995	15	27	28	15.35	19.13	1004.62	20.6	20.4	2020-04-05 19:41:03.098845	7.58	12.81	17.66	9.59	39.98	1032.22
2020-04-05 20:07:39.953670	20	30	33	14.78	19.93	1004.61	20.2	20.7	2020-04-05 20:01:03.662615	10.63	18.05	25.6	9.12	41.34	1032.25
2020-04-05 20:17:41.715463	22	32	36	14.63	20.78	1004.73	19.7	21.3	2020-04-05 20:01:03.662615	10.63	18.05	25.6	9.12	41.34	1032.25
2020-04-05 20:27:42.876336	19	25	30	14.67	20.01	1004.69	19.5	21.7	2020-04-05 20:21:04.186120	13.63	23.18	34.1	8.66	42.67	1032.34
2020-04-05 20:37:45.075887	20	31	35	14.66	19.88	1004.72	19.3	22.1	2020-04-05 20:21:04.186120	13.63	23.18	34.1	8.66	42.67	1032.34
2020-04-05 20:47:46.199761	23	38	45	14.65	19.77	1004.74	19.1	22.2	2020-04-05 20:41:04.700623	15.96	27.1	41.2	8.5	43.04	1032.4
2020-04-05 20:57:48.067372	22	36	43	14.57	19.5	1004.75	19.1	22.2	2020-04-05 20:41:04.700623	15.96	27.1	41.2	8.5	43.04	1032.4
2020-04-05 21:07:52.146076	15	22	24	14.59	19.26	1004.75	19.0	22.1	2020-04-05 21:01:05.185320	16.52	28.01	43.01	8.38	42.92	1032.47
